--- Segment 1 ---
Lingnan University Student Medical Scheme 2024-2025 
 
Period of Coverage : 01/09/2024 to 31/08/2025 
 
(For Full-time Students Only) 
 
 
 
 
Lingnan University (LU)   
  
- Undergraduate Degree Programme (UG) 
- Research Postgraduate Programmes (RP) 
- Taught Postgraduate Programmes (GR) 
 
 
Lingnan Institute of Further Education (LIFE)   
  
- Associate Degree Programmes (AD) 
- Higher Diploma Programmes (HD) 
- Diploma Programmes (DL) 
 
 
 
 
The information contained in this list is exclusively prepared for Lingnan University for internal circulation only. Lingnan 20240901
 
 
 
 
 
Medical Benefits to be covered 
 
(1) General Doctor's Consultation including 3 days of basic medications or antibiotics (if applicable). (2) All necessary simple X-rays and laboratory test. A referral letter from one of the panel doctors is required. Patient Guidelines 
 
- Please make an appointment in advance as doctor's consultation hours may change. - Present your student card by the time of treatment. - You are required to pay HK$20 per visit to the attending doctor. - Please sign your name onto the claim voucher provided by the clinic and do not sign more than one claim voucher per 
day. Limited to 1 visit per day. - You may retain the green "Patient Copy" for your own reference.

--- Segment 2 ---
Limited to 1 visit per day. - You may retain the green "Patient Copy" for your own reference. - Although specialist consultation is not covered by the medical scheme, you will be charged a preferential fee of 
HK$380 per consultation. This Network Doctor List may be updated from time to time. For the most updated Medical Network, please access 
MediNet website at www. medinet. com. hk/lingnan  (User name & password : LINGNAN) 
 
 
Medical Scheme Administrator 
MediNet Services Ltd 
Unit 3601, 36/F, Citicorp Centre, 18 Whitfield Road, Causeway Bay, Hong Kong 
Tel: 2887 0099 
Fax: 2887 6998 
 
 
What the scheme does not cover 
 
1. Pre-existing conditions prior to the effective date of membership. 2.

--- Segment 3 ---
Pre-existing conditions prior to the effective date of membership. 2. Long term medication and specially prescribed medications. 3. Physical examinations and check-ups. 4. Medical or dental care provided by non-designated clinics. 5. Eye refractions. 6.

--- Segment 4 ---
Eye refractions. 6. Psychiatric care and attention. 7. Congenital and its related diseases. 8. Sterilization of either sex. 9. Injuries due to insanity or self-infliction. 10.

--- Segment 5 ---
Injuries due to insanity or self-infliction. 10. Inoculation or vaccination for immunization. 11. AIDS and its related complication, and sexually transmitted disease. 12. Pregnancy and all matters related to pregnancy. 13. Infertility includes In-Vitro Fertilization. 14.

--- Segment 6 ---
Infertility includes In-Vitro Fertilization. 14. Treatments for cosmetic purpose. 15. Specialist consultation & medications. 保障範圍 
 
(1) 普通科門診包括三天基本藥物或抗生素 (如適用) 
 
(2) ㇐般簡單 X光及化驗，必須出示由網絡醫生簽發之醫生轉介信 
 
 
求診指引 
 
- 醫生診症時間或會更改，敬請致電預約 
- 出示學生證給當值護士登記 
- 每次診症需要繳付診金港幣20元正予醫生 
- 簽名於賠償表上及不可在同㇐天內簽署超過㇐張賠償表，每天只限求診㇐次  
- 保留病人副本以作紀錄 
- 此計劃並不包括專科門診，但你仍可以港幣380元正之優惠診金接受專科治療 
 
此網絡醫生名冊或會有所更改，如欲獲得醫療網絡的最新資料，請瀏覽 www. medinet. com. hk/lingnan   
(登入名稱及密碼 : LINGNAN) 
 
醫療計劃管理人 
醫匯服務有限公司 
香港銅鑼灣威非路道18號萬國寶通中心36樓3601室 
電話 : 2887 0099 
傳真 : 2887 6998 
 
 
醫療計劃之不受保範圍 
 
1. 於受保生效日期前所患的疾病 
2.

--- Segment 7 ---
hk/lingnan   
(登入名稱及密碼 : LINGNAN) 
 
醫療計劃管理人 
醫匯服務有限公司 
香港銅鑼灣威非路道18號萬國寶通中心36樓3601室 
電話 : 2887 0099 
傳真 : 2887 6998 
 
 
醫療計劃之不受保範圍 
 
1. 於受保生效日期前所患的疾病 
2. ⾧期服用之藥物及特效藥  
3. 非因醫療疾病及意外而作的健康檢查及其他檢驗 
4. 非網絡醫生之醫療及牙科護理 
5. 視力檢驗 
6. 精神病及心理治療 
7. 先天性缺憾或有關之疾病 
8. 兩性絶育手術 
9. 因自殺或瘋狂而引起之損傷 
10.

--- Segment 8 ---
兩性絶育手術 
9. 因自殺或瘋狂而引起之損傷 
10. 預防注射 
11. 愛滋病及因愛滋病而引起之疾病及性病 
12. 懷孕或懷孕所引起之任何護理或疾病 
13. 不育症或人工受孕 
14. 因美容所需要之治療 
15. 專科門診及藥物  
 
 
 
 
  LIST OF GENERAL PRACTITIONERS 
普通科醫生名單  
 
 
Hong Kong Side 香港區 
 
ABERDEEN 香港仔 
 
Dr. Chung Chi Chiu, Joseph 鍾子超醫生  Mon – Fri 9:00am - 1:00pm 
MBBS(HK ), MRCP(UK), MHKCP   4:30pm - 8:00pm 
G/F, Shop B, Kam Fung Building, Wu Pak Street, Aberdeen Wed, Sat  9:00am - 1:00pm 
香港仔湖北街金豐大廈地下 B舖  4:30pm - 6:00pm 
Tel. : 2552 1222 PH 9:00am - 12:00pm  
 Sun   Closed 
 
CAUSEWAY BAY 銅鑼灣 
 
Dr.

--- Segment 9 ---
Chung Chi Chiu, Joseph 鍾子超醫生  Mon – Fri 9:00am - 1:00pm 
MBBS(HK ), MRCP(UK), MHKCP   4:30pm - 8:00pm 
G/F, Shop B, Kam Fung Building, Wu Pak Street, Aberdeen Wed, Sat  9:00am - 1:00pm 
香港仔湖北街金豐大廈地下 B舖  4:30pm - 6:00pm 
Tel. : 2552 1222 PH 9:00am - 12:00pm  
 Sun   Closed 
 
CAUSEWAY BAY 銅鑼灣 
 
Dr. Tong Siu Man 湯兆敏醫生  Mon – Fri 10:00am – 1:00pm 
MBBS(HK) , FHKCGP, FHKAM(FMED) , FRACGP , DCH(LONDON) , DCH(IRELAND)   3:00pm – 6:00pm 
Suite 1816, East Point Centre, 555 Hennessy Centre, Causeway Bay    
銅鑼灣軒尼詩道 555號東角中心 1816室   
Tel. : 2573 8322   
 
CENTRAL 中環 
 
MediNet Health Centre 醫匯醫務中心  Mon – Fri  2:30pm – 6:30pm  
Room 601, 6/F, 10 Pottinger Street, Central  Sat 9:00am – 2:00pm  
中環砵典乍街 10號6樓601室 Sun & PH  Closed 
Tel. : 2810 5566    
 
NORTH POINT 北角 
 
Dr. Tong Terence 唐德倫醫生  Mon – Fri 9:30am – 1:30pm 
LLM RCP (Irel), LLM RCS (Irel) , MBBCh BAO (NU Irel) , Dip Ger Med RCP (Lond) , DCH (Lond) ,   4:00pm – 8:00pm 
DTM&H (Lond) , DFM (CUHK) , MFM (CUHK)  Sat 10:00am – 1:30pm 
Shop 2C, G/F, Swanhill Mansion, 198 Electric Road, North Point  3:00pm – 7:00pm 
北角電氣道 198號宣協大廈地下 2C號舖 Sun & PH  10:00am – 1:00pm 
Tel. : 3428 3299   
 
QUARRY BAY 鰂魚涌 
 
Human Health Medical Centre 盈健醫務中心  Mon 3:00am – 7:30pm  
Shop 2C, G/F, Bo Fung Gardens, 1090 King's Road, Quarry Bay  Tue 9:00am – 2:00pm  
鰂魚涌英皇道 1090號寶峰園 2C地舖  3:00pm – 7:00pm 
Tel. : 2811 9008 Wed, Fri, Sat 8:30am – 1:30pm 
  3:00pm – 7:00pm 
 Thu, Sun Closed 
   
Dr. Cheng Chung Ping 鄭鐘平醫生  Mon – Fri 10:00am – 1:00pm 
MBBS(HK), MRCP(UK), DCH(LOND), DGM(LOND), FHKAM   4:00pm – 7:30pm 
Room 606, 6/F, Kornhill Plaza – Office Tower, Quarry Bay  Sat, Sun & PH 10:00am – 1:00pm 
鰂魚涌康怡廣場 –辦公大樓 6樓606室   
Tel. : 2884 4606   
 
 
 
 
 
Dr.

--- Segment 10 ---
Cheng Chung Ping 鄭鐘平醫生  Mon – Fri 10:00am – 1:00pm 
MBBS(HK), MRCP(UK), DCH(LOND), DGM(LOND), FHKAM   4:00pm – 7:30pm 
Room 606, 6/F, Kornhill Plaza – Office Tower, Quarry Bay  Sat, Sun & PH 10:00am – 1:00pm 
鰂魚涌康怡廣場 –辦公大樓 6樓606室   
Tel. : 2884 4606   
 
 
 
 
 
Dr. Yip Yuk Pang 葉玉鵬醫生  Mon – Fri 9:00am – 1:00pm 
MBBS(HK), MRCP(UK), DCH(LOND)   4:00pm – 8:00pm 
Room 602, 6/F, Kornhill Plaza – Office Tower, Quarry Bay  Sat & PH 9:00am – I:00pm 
鰂魚涌康怡廣場 –辦公大樓 6樓602室 Sun  Closed 
Tel. : 2560 0015   
 
WESTERN DISTRICT 西區 
 
Dr. Chan Cho Yin 陳祖彥醫生  Mon – Thu 8:30am - 1:00pm 
MBBS(HK), DCH(IRELAND)   3:30pm - 8:00pm 
Shop B, G/F, New Start Building, 330-336 Queen's Road West, Sai Ying Pun  Fri & Sat  8:30pm - 1:00pm 
西營盤皇后大道西 330-336 號新昇大廈地下 B舖  3:30pm - 7:00pm 
Tel. : 2857 2776 Sun & PH Closed 
   
Dr. Chan Sik Chou, Michael 陳鍚儔醫生  Mon – Fri 8:30am - 1:00pm 
MBBS(UK), DCH(LOND,IRELAND)   4:00pm - 9:00pm 
G/F, Jade Court, 35A Belcher's Street, Kennedy Town, Sai Wan  Sat, Sun & PH  8:30am - 1:00pm 
西環堅尼地城卑路乍街 35A號翡翠閣地下    
Tel. : 2819 8688   
   
Dr. Lau Chung Man 劉仲文醫生  Mon – Fri 9:00am - 1:00pm 
MBBS(EDINBURGH)   4:00pm - 7:30pm 
Shop C1, Ning Yeung Terrace, 78-88 Bonham Road, Western District  Sat 9:00am - 1:00pm 
西區般咸道 78-88號寧養台地下 C1舖  4:00pm - 7:00pm 
Tel. : 2858 9523 Sun & PH  9:00am - 1:00pm 
 
 
 
 
 
 
 
Kowloon Side 九龍區 
 
JORDAN 佐敦 
 
Dr.

--- Segment 11 ---
Lau Chung Man 劉仲文醫生  Mon – Fri 9:00am - 1:00pm 
MBBS(EDINBURGH)   4:00pm - 7:30pm 
Shop C1, Ning Yeung Terrace, 78-88 Bonham Road, Western District  Sat 9:00am - 1:00pm 
西區般咸道 78-88號寧養台地下 C1舖  4:00pm - 7:00pm 
Tel. : 2858 9523 Sun & PH  9:00am - 1:00pm 
 
 
 
 
 
 
 
Kowloon Side 九龍區 
 
JORDAN 佐敦 
 
Dr. Mok Hing Hung, Michael 莫慶雄醫生  Mon – Fri 10:00am - 1:00pm 
MRCS(ENG), LRCP(LOND), MBBS(LOND), MRCP(UK)   3:00pm - 6:00pm 
Room 802, Champion Building, 301-309 Nathan Road, Jordan  Sat 10:00am - 1:00pm 
佐敦彌敦道 301-309 號嘉賓商業大廈 802室 Wed, Sun & PH  Closed 
Tel. : 2385 5802 (By Appointment Only 敬請預約 ) 
   
Dr. Yeung Chung Him 楊宗謙醫生  Mon – Fri 10:00am – 1:00pm 
MBBS(HK), FRCP(EDIN&GLAS), FHKAM(PAED), DCH(LOND)   3:30pm – 6:30pm 
Room 1010, Champion Building, 301-309 Nathan Road, Jordan  Wed & Sat  10:00am – 1:00pm 
佐敦彌敦道 301-309 號嘉賓商業大廈 1010室 Sun & PH  Closed 
Tel. : 2710 8862, 2710 8812   
 
KOWLOON BAY 九龍灣 
 
Dr. Lam Kam Toa 林金滔醫生  Mon – Fri 9:00am – 1:00pm 
MBBS(SING 1975), MRCP(UK), MRCP(IREL)   3:30pm – 7:30pm 
Shop S192, 2/F, Phase IV, Amoy Plaza, 77 Ngau Tau Kok Road, Kowloon Bay  Wed  3:30pm – 7:30pm 
九龍灣牛頭角道 77號淘大商場 4期2樓S192室 Sat 9:00am – 1:00pm 
Tel. : 2755 1662  3:30pm – 6:00pm 
 Sun & PH Closed 
   
Dr. Lau Sau Wah 劉修華醫生  Mon, Tue, Thu, Fri 9:00am – 1:00pm 
MBBS(HK 1984), MRCP(HK)   3:30pm – 7:00pm 
Shop 50, G/F, Jade Field Garden, 15-19 Ngau Tau Kok Road, Kowloon Bay  Wed 9:00am – 1:00pm 
九龍灣牛頭角道 15-19號嘉和園地下 50號舖  4:00pm – 7:00pm 
Tel. : 2798 0663 Sat 9:00am – 1:00pm 
 
LAM TIN 藍田 
 
Dr.

--- Segment 12 ---
Lau Sau Wah 劉修華醫生  Mon, Tue, Thu, Fri 9:00am – 1:00pm 
MBBS(HK 1984), MRCP(HK)   3:30pm – 7:00pm 
Shop 50, G/F, Jade Field Garden, 15-19 Ngau Tau Kok Road, Kowloon Bay  Wed 9:00am – 1:00pm 
九龍灣牛頭角道 15-19號嘉和園地下 50號舖  4:00pm – 7:00pm 
Tel. : 2798 0663 Sat 9:00am – 1:00pm 
 
LAM TIN 藍田 
 
Dr. Lo Shing Kei 羅誠基醫生  Mon – Sun & PH  8:30am - 1:00pm 
MBBS(HK )  3:30pm - 8:30pm 
Room 205, Tak King House, Tak Tin Commercial Centre, Lam Tin    
藍田德田商場德敬樓 205室   
Tel. : 2709 3988   
 
MONGKOK 旺角 
 
Dr. Lee Ping Kwong 李炳光醫生  Mon, Fri 3:00pm – 6:00pm 
MBBS(HK), MRCP(UK), FHKCP, FHKAM(MED)  Wed, Thu 11:00am – 1:00pm 
Room 1302, Argyle Centre Phase 1, 688 Nathan Road, Mongkok  Sat 11:00am – 3:00pm 
旺角彌敦道 688號旺角中心 1期1302室 Tue, Sun & PH Closed 
Tel. : 2381 7868 By Appointment Only 敬請預約  
 
NGAU TAU KOK 牛頭角 
 
Dr. Ng Kin Chung 吳建中醫生  Mon – Fri 10:15am - 1:00pm 
MBBS(HK)   5:15pm - 8:00pm 
G/F, Hung Cheuk Hse, Kwun Tong Garden Estate, 277 Ngau Tau Kok Road  Sat, Sun & PH 10:15am - 12:30pm 
牛頭角道 277號官塘花園大廈孔雀樓地下    
Tel. : 2793 3833   
 
 
 
 
 
 
 
SHAMSHUIPO 深水埗 
 
Dr. Chau Chi Chiu 周志超醫生  Mon – Fri 9:00am - 1:00pm 
MBBS(HK), MRCP(UK), FHKCP, FHKAM(MED)   4:00pm - 7:00pm 
B1, G/F, 56 Yen Chow Street, Shamshuipo  Sat 9:00am - 1:00pm 
深水埗欽洲街 56號B1地下 Sun & PH  Closed 
Tel. : 2720 8282   
 
TOKWAWAN 土瓜灣 
 
Dr.

--- Segment 13 ---
Chau Chi Chiu 周志超醫生  Mon – Fri 9:00am - 1:00pm 
MBBS(HK), MRCP(UK), FHKCP, FHKAM(MED)   4:00pm - 7:00pm 
B1, G/F, 56 Yen Chow Street, Shamshuipo  Sat 9:00am - 1:00pm 
深水埗欽洲街 56號B1地下 Sun & PH  Closed 
Tel. : 2720 8282   
 
TOKWAWAN 土瓜灣 
 
Dr. Yau Siu Hong 尤兆康醫生  Mon – Sat 8:00am - 1:00pm 
MBBS(RGN), DFM(CUHK)   4:00pm - 9:00pm 
Shop 128, G/F, Block G, Lok Man Sun Chuen, Tokwawan Sun & PH  9:00am - 1:00pm 
土瓜灣樂民新村 G座地下128號舖   
Tel. : 2712 2525   
 
TSEUNG KWAN O 將軍澳 
 
Dr. Ma Ping Kwan, Danny 馬炳坤醫生  Mon, Tue, Thu, Fri  9:30am – 1:00pm 
MBBS(SYD), DCH(IREL), FRACGP   4:00pm – 7:30pm 
Shop 27B, G/F, Commercial Centre, On Ning Garden, Tseung Kwan O Sat, Sun 10:00am – 1:00pm 
將軍澳安寧花園商場地下 27B Wed, PH Closed 
Tel. : 2705 0867   
 
TSIMSHATSUI 尖沙咀 
 
MediNet Health Centre 醫匯醫務中心  Mon – Fri 9:00am – 1:00pm 
Unit 1212, 12/F, Ocean Centre, Harbour City, Canton Road, Tsimshatsui  2:30pm – 6:00pm 
尖沙咀廣東道海港城海洋中心 12樓1212室 Sat 9:00am – 2:00pm 
Tel. : 2730 2280 Sun & PH  Closed 
 
TSZ WAN SHAN 慈雲山 
 
Dr. Ing Clinic & Associates 安康醫療中心  Mon – Fri 8:00am – 1:00pm 
MBBS(SING)   4:00pm – 9:00pm 
G/F, 42 Yuk Wah Street, Tsz Wan Shan Sat 8:00am – 1:00pm 
慈雲山毓華街 42號地下  4:00pm – 8:00pm 
Tel. : 2752 7878, 2326 2366 Sun & PH  8:00am – 1:00pm 
   
Wisdom Medical Group 愛怡醫務中心  Mon – Sat 8:30am – 9:30pm 
G/F, 58 Yuk Wah Street, Tsz Wan Shan Sun & PH  9:00am – 5:00pm 
慈雲山毓華街 58號地下   
Tel. : 2322 6789   
 
WONG TAI SIN 黃大仙 
 
Dr.

--- Segment 14 ---
: 2752 7878, 2326 2366 Sun & PH  8:00am – 1:00pm 
   
Wisdom Medical Group 愛怡醫務中心  Mon – Sat 8:30am – 9:30pm 
G/F, 58 Yuk Wah Street, Tsz Wan Shan Sun & PH  9:00am – 5:00pm 
慈雲山毓華街 58號地下   
Tel. : 2322 6789   
 
WONG TAI SIN 黃大仙 
 
Dr. Tang Kuen Yan, Alfred 鄧權恩醫生  Mon – Fri 9:00am – 12:45pm 
MBBS(HK)   5:00pm – 8:00pm 
Shop 6B, Cheung Ying Alley, 110 Lung Cheung Road, Wong Tai Sin Sat  9:00am – 12:45pm 
黃大仙龍翔道 110號翔盈里 6B舖 Sun & PH 10:00am – 12:45pm 
Tel. : 2328 8700   
 
 
 
 
 
 
 
New Territories Side 新界區 
 
 
SHATIN 沙田 
 
Dr. Lau Hon Kong, Eddie 劉漢岡醫生  Mon – Fri 9:00am – 1:00pm 
MBBS(HK)   4:00pm – 7:30pm 
Shop 13, Level 3, Hilton Plaza, 3-9 Shatin Centre Street, Shatin Sat & PH  9:00am – 1:00pm 
沙田正街 3-9號希爾頓中心商場 3樓13號舖 Sun Closed 
Tel. : 2693 3699   
 
TAI PO 大埔 
 
Dr. Chan Kwing Wing 陳烱榮醫生  Mon – Fri 9:00am - 1:00pm 
MBChB(EDIN)  (except Wed)  3:30pm - 8:30pm 
Shop 227B, Level 2, Plover Cove Garden Shopping Centre, Plover Cove Road, Tai Po  Wed 3:30am - 7:00pm 
大埔寶湖道 3號寶湖花園商場 227B舖 Sat-Sun 9:00am - 1:00pm 
Tel. : 2652 0126   
   
Dr. Kwok Ming Fai, David 郭明輝醫生  Mon – Fri 8:00am – 1:00pm 
MBChB(LIVERPOOL), MRCS(ENG), LRCP, DTM&H(LIVERPOOL), DIP. VEN(LIVERPOOL)   4:00pm – 8:00pm 
G/F, 22 Wai Yan Street, Tai Po Thu 4:00pm – 8:00pm 
大埔墟懷仁街 22號地下 Sat 8:00am – 1:00pm 
Tel.

--- Segment 15 ---
Kwok Ming Fai, David 郭明輝醫生  Mon – Fri 8:00am – 1:00pm 
MBChB(LIVERPOOL), MRCS(ENG), LRCP, DTM&H(LIVERPOOL), DIP. VEN(LIVERPOOL)   4:00pm – 8:00pm 
G/F, 22 Wai Yan Street, Tai Po Thu 4:00pm – 8:00pm 
大埔墟懷仁街 22號地下 Sat 8:00am – 1:00pm 
Tel. : 2653 1777 Sun & PH  8:30am – 12:30pm  
   
Dr. Yung Sai Wah Gilbert 容世華醫生  Mon – Sat 8:30am – 1:00pm 
MBBS, DIP. DERM(WALES), DIP. F. MED(CUHK)   4:00pm – 8:30pm 
Shop 107, Fu Shin Shopping Centre, Tai Po Sun & PH  9:00am – 1:00pm 
大埔富善邨商場 107室   
Tel. : 2661 1773   
  
TIN SHUI WAI 天水圍 
 
Dr. Chow Ching Te 周靜德醫生  Mon – Fri 8:30am – 1:00pm 
MBBS(HK); MRCP(UK); MHKCP   4:00pm – 8:00pm 
Shop F7, 1/F, Kingswood Richly Plaza, Kingswood Villas, Tin Shui Wai Sat 8:30am – 1:00pm 
天水圍嘉湖山莊新北江商場 1樓F7號  4:00pm – 6:00pm 
Tel. : 2448 7388 Sun & PH  8:30am – 1:00pm 
 
TSING YI 青衣 
 
Human Health Medical Centre 盈健醫務中心  Mon, Tue, Fri, Sat 9:00am – 2:00pm 
Shop No.

--- Segment 16 ---
Chow Ching Te 周靜德醫生  Mon – Fri 8:30am – 1:00pm 
MBBS(HK); MRCP(UK); MHKCP   4:00pm – 8:00pm 
Shop F7, 1/F, Kingswood Richly Plaza, Kingswood Villas, Tin Shui Wai Sat 8:30am – 1:00pm 
天水圍嘉湖山莊新北江商場 1樓F7號  4:00pm – 6:00pm 
Tel. : 2448 7388 Sun & PH  8:30am – 1:00pm 
 
TSING YI 青衣 
 
Human Health Medical Centre 盈健醫務中心  Mon, Tue, Fri, Sat 9:00am – 2:00pm 
Shop No. 44 and 45, G/F, MTR Tsing Yi station   3:00pm – 7:00pm 
港鐵青衣站地下 44-45號舖 Wed 9:00am – 2:00pm 
  3:30am – 7:00pm 
Tel. : 2887 8823 Thu 3:00pm – 7:00pm 
 
 
 
 
 
 
TUEN MUN 屯門 
 
Dr. Lee Siu Fung 李小峰醫生  Mon, Tue, Thu, Fri 9:00am – 1:00pm 
MBChB(CUHK), DCH(IREL)   4:00pm – 8:00pm 
Shop 8, Yuet Wu Villa, Commerical Block, Tuen Mun Wed, Sat 9:00am – 1:00pm 
屯門悅湖山莊商場 8號舖 Sun & PH Closed 
Tel. : 2618 3203   
   
New Town Medical Centre 新都醫務中心  Thu, Fri 10:00am – 1:00pm 
Dr. Tang Pui Yee 鄧佩儀醫生   3:00pm – 7:00pm 
MBChB (CUHK)  Sat, Sun 10:00am – 1:00pm 
Shop 214-215, 2/F, New Town Mansion, 2 Tuen Lee Street, Tuen Mun PH 10:00am – 1:00pm 
屯門屯利街 2號新都商場 2樓214-215 室  3:00pm – 6:00pm 
Tel. : 2458 3213 By Appointment Only  
   
Dr. Ng Yiu Man 吳耀文醫生  Mon – Fri 8:30am – 1:00pm 
MBChB(CUHK), MRCP(UK)   4:00pm – 8:00pm 
Shop 3, Commercial Centre, Shan King Estate, Tuen Mun Sat-Sun & PH  8:30am – 12:30pm  
屯門山景邨商場 3號舖   
Tel. : 2467 7288   
   
Dr.

--- Segment 17 ---
Ng Yiu Man 吳耀文醫生  Mon – Fri 8:30am – 1:00pm 
MBChB(CUHK), MRCP(UK)   4:00pm – 8:00pm 
Shop 3, Commercial Centre, Shan King Estate, Tuen Mun Sat-Sun & PH  8:30am – 12:30pm  
屯門山景邨商場 3號舖   
Tel. : 2467 7288   
   
Dr. Wong Man Yee 王敏儀醫生  Mon – Fri 9:15am – 1:00pm 
MBChB(CUHK), FRACGP, FHKCFP   3:00pm – 8:00pm 
Shop 14, G/F, Fat East Consortium Tuen Mun Bldg, 21-43 Castle Peak Rd, Tuen Mun  Sat 9:15am – 1:00pm 
屯門青山公路 21-43號遠東發展屯門大廈 14號地舖  3:00pm – 6:00pm 
Tel. : 2457 8102, 2457 8103   
   
Dr. Yeu Yue Wai 饒汝偉醫生  Mon – Fri 9:15am – 1:00pm 
MBChB  3:00pm – 8:00pm 
Shop 14, G/F, Fat East Consortium Tuen Mun Bldg, 21-43 Castle Peak Rd, Tuen Mun  Sat 9:15am – 1:00pm 
屯門青山公路 21-43號遠東發展屯門大廈 14號地舖  3:00pm – 6:00pm 
Tel. : 2457 8102, 2457 8103   
   
Dr. Yuen Ping Kai 源秉佳醫生  Mon – Sat 7:00am – 11:30am 
MBChB(HK), DCH(LOND, IRELAND)   5:30pm – 9:00pm 
Shop 60, G/F, Lai Po Building, Tuen Mun Sun & PH  8:30am – 1:00pm 
屯門麗寶大廈 60號地下   
Tel. : 2450 4521   
   
Town Health - PHC Medical Centre 康健 - 基健醫務中心  Mon – Fri 11:30am – 1:30pm 
Shop 3, G/F, Fu Tai Shopping Centre, Fu Tai Estate, Tuen Mun  4:00pm – 7:30pm 
屯門富泰邨富泰商場地下 3號舖 Sat 11:30am – 1:00pm 
Tel. : 3156 1260               
 
 
 
 
 
Dr. Chow Yam Chung 周欽宗醫生  Mon – Fri 3:30pm – 8:30pm 
LMCHK Sun 9:00am – 6:00pm 
Shop 78, G/F, Block 4, Lung Mun Oasis, Lung Mun Road, Tuen Mun   
屯門龍門路龍門居 4座地下78號舖   
Tel.

--- Segment 18 ---
: 3156 1260               
 
 
 
 
 
Dr. Chow Yam Chung 周欽宗醫生  Mon – Fri 3:30pm – 8:30pm 
LMCHK Sun 9:00am – 6:00pm 
Shop 78, G/F, Block 4, Lung Mun Oasis, Lung Mun Road, Tuen Mun   
屯門龍門路龍門居 4座地下78號舖   
Tel. : 2449 5118   
   
Dr. Chan Wai Ping 陳維平醫生  Mon – Fri 8:30am – 1:00pm 
MBBS(HK U), DFM (Monash), MFM(Monash)   4:00pm – 7:00pm 
Shop 2, G/F, Commercial Centre Phase 1, Shan King Estate, Tuen Mun Sat, Sun & PH  9:00am – 1:00pm 
屯門山景邨商場一期地下 2號舖   
Tel. : 2466 7272   
   
   
Dr. Kwok Chi Ki 郭志祺醫生  Mon – Fri 9:00am – 1:00pm 
MBBS(HKU), DOM(CUHK)   2:00pm – 8:00pm 
Shop 42A, G/F, Tuen Mun Paris London New York Shopping Centre, Tuen Mun Sat & PH  9:00am – 1:00pm 
屯門巴黎倫敦紐約戲院購物中心地下 42A號舖 Sun 9:00am – 1:00pm 
Tel. : 2618 6031   
   
Dr. Leung Man Chit 梁文哲醫生  Mon – Fri 8:30am – 1:00pm 
MBChB(CUHK), DFM(CUHK), DFM(Monash), PDipCAH(HK)   2:30pm – 8:00pm 
Shop A, G/F, On Chuen Building, 6-14 Ming Ngai Street, Tuen Mun Sat 8:30am – 1:00pm 
屯門明藝街 6-14號安全樓地下 A舖  2:30pm – 6:00pm 
Tel. : 2459 2332 Sun & PH  9:00am – 1:00pm 
  2:30pm – 6:00pm 
   
AI Medical Centre 智健康醫療中心  Mon – Fri 9:00am – 6:00pm 
Shop L231, L2, Leung King Plaza, Tuen Mun Wed & Sat  9:00am – 12:00pm  
屯門良景邨商場 L2樓L231號舖   
Tel. : 2156 5801   
   
   
Dr.

--- Segment 19 ---
: 2459 2332 Sun & PH  9:00am – 1:00pm 
  2:30pm – 6:00pm 
   
AI Medical Centre 智健康醫療中心  Mon – Fri 9:00am – 6:00pm 
Shop L231, L2, Leung King Plaza, Tuen Mun Wed & Sat  9:00am – 12:00pm  
屯門良景邨商場 L2樓L231號舖   
Tel. : 2156 5801   
   
   
Dr. Wong Siu Shan 黃小山醫生  Mon – Fri 8:30am – 1:00pm 
MBBS(HK), FRACGP, FHKCFP, MScClinGer(CUHK), DFM(CUHK), PDipComPsy(HKU), DCH(Ire),   3:00pm – 8:30pm 
DPD(Cardiff), DipDerm(Glasg)  Sat 8:30am – 1:00pm 
Shop 17, G/F, Kai Hei Land Building, 385 Castle Peak Road, Tuen Mun  3:00pm – 7:00pm 
屯門青山公路 385號嘉喜利大廈地下 17號舖 Sun & PH 8:30am – 1:00pm 
Tel. : 2450 6622, 2450 8989   
 
 
 
 
 
 
YUEN LONG 元朗 
 
Dr. Au Yeung Hang 歐陽恆醫生  Mon, Wed – Sat 10:30am – 1:00pm 
MBBS(GLASGOW)   3:00pm – 6:00pm 
Room 401-2, Yuen Long Commercial Centre, 24 Kau Yuk Road, Yuen Long Tue 10:30am – 1:00pm 
元朗教育路 24號元朗商業中心 401-2室 Sun & PH Closed 
Tel. : 2477 5522   
   
Dr. Li Chi Yung 李志勇醫生  Mon – Fri 8:30am – 1:00pm 
MBBS(HK), MRCP(UK), MRCP, DCH(IRELAND), DCH(LOND), M. MED(PAED)   3:00pm – 8:00pm 
Shop 5, G/F, Wang Fung Building, Fau Tsoi Street, Yuen Long Sat  8:30am – 1:00pm 
元朗阜財街宏豐大廈地下 5號舖  3:00pm – 6:00pm 
Tel. : 2442 1559 Sun & PH  8:30am – 1:00pm 
   
Dr. Chak Chi Wah, Warren 翟賜華醫生  Mon – Fri 8:30am – 1:00pm 
MBBS(HK)   3:30pm – 8:00pm 
Podium M14, Shek Ping House, Long Ping Estate, Yuen Long Sat-Sun & PH  8:30am – 1:00pm 
元朗朗屏邨石屏樓平台 M14   
Tel.

--- Segment 20 ---
: 2442 1559 Sun & PH  8:30am – 1:00pm 
   
Dr. Chak Chi Wah, Warren 翟賜華醫生  Mon – Fri 8:30am – 1:00pm 
MBBS(HK)   3:30pm – 8:00pm 
Podium M14, Shek Ping House, Long Ping Estate, Yuen Long Sat-Sun & PH  8:30am – 1:00pm 
元朗朗屏邨石屏樓平台 M14   
Tel. : 2475 8988   
   
Dr. Lau Wai Keung Timothy 劉煒強醫生  Mon – Fri 8:30am – 1:30pm 
MBBS(HK), MRCP(IRELAND), M. MED(SPORE), FRACGP, FHKCFP   3:30pm – 8:00pm 
Shop B4, G/F, Kar Ho Building, 27 Hong Lok Road, Yuen Long Sat-Sun & PH  8:30am – 1:30pm 
元朗康樂路 27號嘉好樓地下 B4   
Tel. : 2442 0928   
   
Dr. Wong Kyin Lin Peter 王錦麟醫生  Mon – Fri 8:30am – 1:00pm 
MBBS(Rang)   2:30pm – 8:00pm 
G/F, Fung Hing Lau, 38A Kau Yuk Road, Yuen Long Sat & Sun  8:30am – 1:00pm 
元朗教育路 38A號豐興樓地下   2:30pm – 6:00pm 
Tel. : 2477 1369   
   
Dr. Wong Yu Man James 王裕民醫生  Mon – Sun & PH  10:30am – 1:30pm 
MBBS(HK)   2:30pm – 5:30pm 
G/F, 2A Hing Fat Building, 11 Yu King Square, Yuen Long  7:30pm – 8:30pm 
元朗裕景坊 11號興發樓 2A地舖   
Tel. : 2475 2212   
   
No.

--- Segment 21 ---
Wong Yu Man James 王裕民醫生  Mon – Sun & PH  10:30am – 1:30pm 
MBBS(HK)   2:30pm – 5:30pm 
G/F, 2A Hing Fat Building, 11 Yu King Square, Yuen Long  7:30pm – 8:30pm 
元朗裕景坊 11號興發樓 2A地舖   
Tel. : 2475 2212   
   
No. 7, G/F, Tak Cheung Building, Hung Shui Kiu, Yuen Long Mon – Sat 8:00am – 10:00am  
元朗洪水橋德祥樓 7號地下  6:00pm – 7:00pm 
Tel. : 2447 0606 Sun & PH 8:00am – 10:00am  
   
Dr. Yuen Ping Kai 源秉佳醫生  Mon – Sat 12:00pm – 5:00pm 
MBChB(CUHK), DCH(LOND, IRELAND)  Wed, Sun & PH  Closed 
Shop E, G/F, Tai Lee Building, 63 On Ning Road, Yuen Long   
元朗安寧路 63號大利樓地下 E座   
Tel. : 2442 0750   
 
 
 
 
 
 
 
 
LIST OF SPECIALISTS 
專科醫生名單  
 
  Preferential Rate 優惠價 HK$380  
 
 
  
Cardiology 心臟科 
 
Dr. Chiu Chun Wai 趙振煒醫生  Mon – Fri 11:00am - 1:30pm 
MBBS(HK), FHKAM(Med), MRCP(UK), FHKCP   3:30pm - 6:00pm 
19/F, Oterprise Square, 26 Nathan Road, Tsimshatsui Sat 11:00am - 2:00pm 
尖沙咀彌敦道 26號東企業廣場 19樓 Sun & PH  Closed 
Tel. : 2366 1888   
   
   
Dr. So Wai Woon Peter 蘇煒垣醫生   Mon – Fri 10:00am - 1:00pm 
MBBS, FRCP, FHKAM, FHKCP   3:00pm - 6:30pm 
Room 1705, Hong Kong Pacific Centre, 28 Hankow Road, Tsimshatsui Sat 10:00am - 1:00pm 
尖沙咀漢口道 28號亞太中心 1705室 Sun  Closed 
Tel. : 2723 7238   
   
Town Health - PHC Medical Centre 康健 - 基健醫務中心  Mon – Fri 11:30am – 1:30pm 
Dr.

--- Segment 22 ---
So Wai Woon Peter 蘇煒垣醫生   Mon – Fri 10:00am - 1:00pm 
MBBS, FRCP, FHKAM, FHKCP   3:00pm - 6:30pm 
Room 1705, Hong Kong Pacific Centre, 28 Hankow Road, Tsimshatsui Sat 10:00am - 1:00pm 
尖沙咀漢口道 28號亞太中心 1705室 Sun  Closed 
Tel. : 2723 7238   
   
Town Health - PHC Medical Centre 康健 - 基健醫務中心  Mon – Fri 11:30am – 1:30pm 
Dr. Li Cho Shan 李楚山醫生   4:00pm – 7:30pm 
MBBS(HK), FHKCP, FHKAM(Medicine), MRCP(UK)  Sat 11:30am – 1:00pm 
Shop 3, G/F, Fu Tai Shopping Centre, Fu Tai Estate, Tuen Mun   
屯門富泰邨富泰商場地下 3號舖   
Tel. : 3156 1260   
   
PolyHealth Specialists Centre 健滙專科中心    
Dr. Li Cho Shan 李楚山醫生    
MBBS(HK), FHKCP, FHKAM(Medicine), MRCP(UK)    
Shop 102A, 103A, 103E, 105A, 1/F, Star House, 3 Salisbury Road, Tsim Sha Tsui Mon – Sat 9:00am - 7:00pm 
尖沙咀梳士巴利道 3號星光行 1樓102A,103A,103E,105A 號舖 Sun & PH Closed 
Tel. : 2117 0838   
   
Shop B01b, Park Central, 9 Tong Tak Street, Tseung Kwan O Mon – Sun 9:00am - 8:00pm 
將軍澳唐德街 9號將軍澳中心商場地庫 B01b舖   
Tel. : 3417 4803   
 
Dermatology 皮膚科 
 
Dr. Fung Chi Wing 馮志榮醫生  Mon, Tue, Wed, Fri  10:00am - 1:00pm 
MBBS (HK), MRCP (UK), Dip Derm (Lond), Dip G -UM (LAS), FHKAM (Medicine), FHKCP, FRCP (Glasg)   3:00pm - 6:30pm 
Room 701, Champion Building, 301-309 Nathan Road, Jordan Thu 10:00am - 1:00pm 
佐敦彌敦道 301-309 號嘉賓商業大廈 701室 Sat 10:00am - 1:00pm 
Tel. : 2332 0303  3:00pm - 5:00pm 
 Sun & PH  Closed 
 
 
 
 
 
Ear, Nose & Throat Surgery 耳鼻喉科  
 
Dr. Au Wing Wah 區永華醫生  Mon – Fri 10:00am - 1:00pm 
MBBS(HK), FRCSE, FRCS(G LAS), DLD(ENG), FHKAM(ENT), FHKORL   3:00pm - 6:30pm 
Room 605, Champion Building.

--- Segment 23 ---
: 2332 0303  3:00pm - 5:00pm 
 Sun & PH  Closed 
 
 
 
 
 
Ear, Nose & Throat Surgery 耳鼻喉科  
 
Dr. Au Wing Wah 區永華醫生  Mon – Fri 10:00am - 1:00pm 
MBBS(HK), FRCSE, FRCS(G LAS), DLD(ENG), FHKAM(ENT), FHKORL   3:00pm - 6:30pm 
Room 605, Champion Building. , 301-309 Nathan Road, Jordan Thu 10:00am - 1:00pm 
佐敦彌敦道 301-309 號嘉賓商業大廈 605室 Sat 10:00am - 1:00pm 
Tel. : 2332 3801  3:00pm - 5:00pm 
 Sun & PH  Closed 
   
Dr. Chu Kwan Ling, Henri 朱君令醫生  Mon – Sat 10:00am - 1:00pm 
MBBS(HK), FR CS(Glas. ), DLORCS(Ire), FHKAM(Otorhinolaryngology)  (except Wed) 3:00pm - 6:30pm 
Room 703C, Phase 1, Argyle Centre, 688 Nathan Road, Mongkok Wed 10:00am - 1:00pm 
旺角彌敦道 688號旺角中心第 1期703C室 Sun & PH  Closed 
Tel. : 2399 0338   
   
Dr. Liu Kwok Chung 廖國忠醫生  Mon, Wed, Fri 12:30pm – 4:30pm 
MBCHB(BIRM), FRCS(EDIN), DLO(LOND), FHKAM(Otorhinolaryngology)  Tue 12:30pm – 1:30pm 
Room 508, Prince's Building, 10 Chater Road, Central  Thu, Sat, Sun & PH  Closed 
中環遮打道 10號太子大廈 508室   
Tel. : 2522 8989   
   
Dr. To Shing Howe 杜承灝醫生  Mon – Fri 10:00am – 1:00pm 
MBBS(HK), DipClinDerm(Lond), MRCS(Ed), FRCSEd(ORL), FHKCORL, FHKAM(ORL)   2:30pm – 6:30pm 
22/F, Hing Wai Building, 36 Queen’s Road Central, Central Sat 10:00am – 1:00pm 
中環皇后大道中 36號興瑋大廈 22樓 Sun & PH  Closed 
Tel.

--- Segment 24 ---
: 2522 8989   
   
Dr. To Shing Howe 杜承灝醫生  Mon – Fri 10:00am – 1:00pm 
MBBS(HK), DipClinDerm(Lond), MRCS(Ed), FRCSEd(ORL), FHKCORL, FHKAM(ORL)   2:30pm – 6:30pm 
22/F, Hing Wai Building, 36 Queen’s Road Central, Central Sat 10:00am – 1:00pm 
中環皇后大道中 36號興瑋大廈 22樓 Sun & PH  Closed 
Tel. : 2618 8061   
   
PolyHealth Specialists Centre 健滙專科中心    
Dr. Chow Chi Wai, Kelvin 周慈偉醫生    
MBBS (HK), MRCSEd, FRCSEd (Orl), FHKCORL, FHKAM (Otorhinoloaryngology)    
Shop 102A, 103A, 103E, 105A, 1/F, Star House, 3 Salisbury Road, Tsim Sha Tsui Mon – Sat 9:00am – 7:00pm 
尖沙咀梳士巴利道 3號星光行 1樓102A,103A,103E,105A 號舖 Sun & PH  Closed 
Tel. : 2117 0838   
   
Shop B01b, Park Central, 9 Tong Tak Street, Tseung Kwan O  Mon – Sat 9:00am - 7:00pm 
將軍澳唐德街 9號將軍澳中心商場地庫 B01b舖 Sun & PH Closed 
Tel. : 3417 4803   
   
PolyHealth Specialists Centre 健滙專科中心    
Dr. Lam Hoi Ching 藍昊晴醫生    
MBBS (HK) , MRCSEd , FRCSEd  (Orl), FHKCORL , FHKAM (Otorhinoloaryngology )   
Shop 102A, 103A, 103E, 105A, 1/F, Star House, 3 Salisbury Road, Tsim Sha Tsui Mon – Sat 9:00am - 7:00pm 
尖沙咀梳士巴利道 3號星光行 1樓102A,103A,103E,105A 號舖 Sun & PH Closed 
Tel. : 2117 0838   
   
Human Health Medical Centre 盈健醫務中心  Mon – Sun 9:00am – 7:30pm 
Dr. Lam Hoi Ching 藍昊晴醫生    
MBBS (HK) , MRCSEd , FRCSEd  (Orl), FHKCORL , FHKAM (Otorhinoloaryngology )   
Shop 4, G/F, Kan Yip Building, 229 Castle Peak Road, Yuen Long    
元朗青山公路 229號勤業樓地下 4號舖   
Tel. : 2473 0881   
 
 
 
 
 
Endocrinology, Diabetes & Metabolism 內分泌及糖尿科  
 
Dr.

--- Segment 25 ---
Lam Hoi Ching 藍昊晴醫生    
MBBS (HK) , MRCSEd , FRCSEd  (Orl), FHKCORL , FHKAM (Otorhinoloaryngology )   
Shop 4, G/F, Kan Yip Building, 229 Castle Peak Road, Yuen Long    
元朗青山公路 229號勤業樓地下 4號舖   
Tel. : 2473 0881   
 
 
 
 
 
Endocrinology, Diabetes & Metabolism 內分泌及糖尿科  
 
Dr. Cheung Wai Shing 張偉成醫生  Mon – Fri 9:30am - 1:00pm 
MBChB(CUHK), MRCP, FHKAM(Med)   2:30pm - 6:00pm 
Room 1201, 12/F, Champion Building, 301-309 Nathan Road, Jordan  Sat 9:30am - 1:00pm 
佐敦彌敦道 301-309 號嘉賓商業大廈 1201室 Sun & PH  Closed 
Tel: 2781 2877   
 
Gastroenterology & Hepatology 腸胃肝臟科  
 
Dr. Lam Chi Wan Edwin 林子雲醫生  Mon – Fri 10:00am - 1:00pm 
MBBS(HK), FHKAM(Med), FIM(Royal College of Physicians of Canada),   3:00pm - 6:00pm 
Dip loma American Board of Internal Medicine (Internal  Medicine & Gastroenterology)  Wed & Sat  10:00am - 1:00pm 
Room 1002, 10/F, Central Building, 1 Pedder Street, Central  Sun & PH  Closed 
中環畢打街 1號中建大廈 10樓1002室   
Tel: 2157 1111   
   
Dr. Cheng Wing Yee 鄭穎儀醫生  Mon-Fri 10:00am - 1:00pm 
MBChB(CUHK), FHKAM(Medicine)   3:00pm - 6:00pm 
Room 1002, 10/F, Central Building, 1 Pedder Street, Central Wed & Sat  10:00am - 1:00pm 
中環畢打街 1號中建大廈 10樓1002室 Sun & PH  Closed 
Tel: 2157 1111   
   
Dr. Yiu Chi Him 姚志謙醫生  Mon, Wed, Fri  9:30am - 1:30pm 
MBBS, MRCP(UK), FHKCP, FHKAM(Med)   3:30pm - 7:30pm 
Room 501, Grand Centre, 8 Humphreys Avenue,  Tsimshatsui   
尖沙咀堪富利士道 8號格蘭中心 501室   
Tel. : 2356 8080   
   
Dr. Ho Hung Kwong 何鴻光醫生  Mon-Fri 10:00am - 1:00pm 
MBBS (HK), FHKAM (Medicine), MRCP(UK), FHKCP   3:00pm - 6:00pm 
Room 1002, 10/F, Central Building, 1 Pedder Street, Central Wed & Sat  10:00am - 1:00pm 
中環畢打街 1號中建大廈 10樓1002室 Sun & PH  Closed 
Tel: 2157 1111   
   
PolyHealth Specialists Centre 健滙專科中心    
Dr. Chan Wai Hong 陳偉康醫生     
MBChB(CUHK), MRCP(UK), FHKAM(Medicine), FHKCP, FHKCFP, FRACGP, DCH(Ireland), DPD(Cardiff),    
PDipComPsychMed(HK), DFM(HKCFP), Clinical Tutor (honorary), in Family Medicine (CUHK)   
Shop 102A, 103A, 103E, 105A, 1/F, Star House, 3 Salisbury Road, Tsim Sha Tsui Mon – Sat 9:00am - 7:00pm 
尖沙咀梳士巴利道 3號星光行 1樓102A,103A,103E,105A 號舖 Sun & PH Closed 
Tel. : 2117 0838   
   
Shop B01b, Park Central, 9 Tong Tak Street, Tseung Kwan O  Mon – Sat 9:00am – 8:00pm 
將軍澳唐德街 9號將軍澳中心商場地庫 B01b舖 Sun & PH  Closed 
Tel.

--- Segment 26 ---
Chan Wai Hong 陳偉康醫生     
MBChB(CUHK), MRCP(UK), FHKAM(Medicine), FHKCP, FHKCFP, FRACGP, DCH(Ireland), DPD(Cardiff),    
PDipComPsychMed(HK), DFM(HKCFP), Clinical Tutor (honorary), in Family Medicine (CUHK)   
Shop 102A, 103A, 103E, 105A, 1/F, Star House, 3 Salisbury Road, Tsim Sha Tsui Mon – Sat 9:00am - 7:00pm 
尖沙咀梳士巴利道 3號星光行 1樓102A,103A,103E,105A 號舖 Sun & PH Closed 
Tel. : 2117 0838   
   
Shop B01b, Park Central, 9 Tong Tak Street, Tseung Kwan O  Mon – Sat 9:00am – 8:00pm 
將軍澳唐德街 9號將軍澳中心商場地庫 B01b舖 Sun & PH  Closed 
Tel. : 3417 4803   
 
 
 
 
PolyHealth Specialists Centre 健滙專科中心    
Dr. Tong Wai Hung Raymond 湯偉雄醫生    
MBBS(HK), FHKCP, MRCP(UK), FHKAM(Medicine)    
Shop 102A, 103A, 103E, 105A, 1/F, Star House, 3 Salisbury Road, Tsim Sha Tsui Mon – Sat 9:00am - 7:00pm 
尖沙咀梳士巴利道 3號星光行 1樓102A,103A,103E,105A 號舖 Sun & PH Closed 
Tel. : 2117 0838   
   
Shop B01b, Park Central, 9 Tong Tak Street, Tseung Kwan O  Mon – Sat 9:00am – 8:00pm 
將軍澳唐德街 9號將軍澳中心商場地庫 B01b舖 Sun & PH  Closed 
Tel. : 3417 4803   
   
G/F, 126 Shau Kei Wan Road, Sai Wan Ho Tue – Sat 9:00am – 7:00pm 
西灣河筲箕灣道 126號地舖 Mon, Sun & PH  Closed 
Tel. : 2882 9830   
 
General Surgery 外科 
 
IMS Institute of Medical Specialists 康匯醫療中心  Mon – Fri 10:00am - 12:00pm  
Dr. Fung Shu Yan, Anthony 馮樹仁醫生   4:00pm - 6:00pm 
MB, B Chir (Cantab), FRCSEd, FCSHK, FHKAM (Surgery), MBA (Healthcare)  Sat 10:00am - 12:30pm 
19/F, Sino Cheer Plaza, 23-29 Jordan Road, Kowloon Sun & PH  Closed 
九龍佐敦道 23-29號新寶廣場 19樓   
Tel. : 8206 6993   
   
Dr. Leung Hay Yin 梁熙然醫生  Mon – Fri 10:00am – 1:00pm 
MBBS(HK), FRCS(Edin), FRCS(Glasg), FHKAM(Surgery)   3:00pm – 6:00pm 
Room 1117, Argyle Centre Phase 1, 688 Nathan Road, Mongkok Sat 10:00am – 3:00pm 
旺角彌敦道 688號旺角中心 1期1117室 Sun & PH  Closed 
Tel: 2398 1788   
   
Dr.

--- Segment 27 ---
: 8206 6993   
   
Dr. Leung Hay Yin 梁熙然醫生  Mon – Fri 10:00am – 1:00pm 
MBBS(HK), FRCS(Edin), FRCS(Glasg), FHKAM(Surgery)   3:00pm – 6:00pm 
Room 1117, Argyle Centre Phase 1, 688 Nathan Road, Mongkok Sat 10:00am – 3:00pm 
旺角彌敦道 688號旺角中心 1期1117室 Sun & PH  Closed 
Tel: 2398 1788   
   
Dr. Chow Tak Wai 周德偉醫生  Mon – Fri 10:00am – 6:30pm 
MBBS (HK), FRCSEd (Gen), FCSHK, FHKAM (Surgery)  Sat 10:00am – 1:30pm 
Suite 1801, 18/F, Hong Kong Pacific Centre, 28 Hankow Road, Tsim Sha Tsui Sun & PH  Closed 
尖沙咀漢口道 28號亞太中心 18樓1801室   
Tel: 2385 8998   
   
Dr. Lo Siu Fai 羅兆輝醫生  Mon – Fri 10:00am - 1:00pm 
MBBS(HK) , FRCS(Ed) , FCSHK, FACS, FRCSEd(Gen) , FHKAM(Surgery) , MSc(Health and Hosp Mgt)(Birm)   3:00pm - 6:00pm 
Room 1702, 17/F, Hong Kong Pacific Centre, 28 Hankow Road, TST Sat 10:00am - 1:00pm 
尖沙咀漢口道 28號亞太中心 17樓1702室 Sun & PH  Closed 
Tel. : 2384 1328   
   
Dr. Yu Kam Yuen, Joseph 俞金沅醫生  Mon, Tue, Thu, Fri  9:30am - 1:00pm 
MBBS(HK), FRCS(EDINBURGH), FACS(USA), FHKAM, FHKCS   3:00pm - 6:00pm 
Room 1011-1016, 10/F, H Zentre, 15 Middle Road, Tsim Sha Tsui  Wed 9:30am - 1:00pm 
尖沙咀中間道 15號 H Zentre 10 樓1011-1016 室  3:00pm - 5:00pm 
Tel. : 2384 7062, 2384 7063 Sat 3:00pm - 5:00pm 
 Sun & PH  Closed 
   
Dr. Lee Kin Wan, Kenneth 李建運醫生  Mon – Fri 10:00am - 1:00pm 
MBBS(HK), FRCS( Glas), FCSHK, FHKAM (Surgery)  3:00pm - 6:00pm 
Room 1110, Hang Shing Building, 363 Nathan Road, Jordan    
佐敦彌敦道 363號恆成大廈 1110室   
Tel. : 2771 1733   
 
 
 
 
 
Dr. Siu Pui Sing 蕭沛成醫生  Mon – Fri 9:00am – 12:30pm 
MBBS(HK), FRCS(Edin), FHKAM(Surgery), FCSHK   2:30pm – 5:30pm 
Unit A, 16/F, Wing On Building, 5 Wing Lok Street, Sheung Wan  Sat 9:00am – 12:30pm 
上環永樂街 5號永安祥大廈 16樓A室 Sun & PH  Closed 
Tel.

--- Segment 28 ---
: 2771 1733   
 
 
 
 
 
Dr. Siu Pui Sing 蕭沛成醫生  Mon – Fri 9:00am – 12:30pm 
MBBS(HK), FRCS(Edin), FHKAM(Surgery), FCSHK   2:30pm – 5:30pm 
Unit A, 16/F, Wing On Building, 5 Wing Lok Street, Sheung Wan  Sat 9:00am – 12:30pm 
上環永樂街 5號永安祥大廈 16樓A室 Sun & PH  Closed 
Tel. : 2850 6610   
   
PolyHealth Specialists Centre 健滙專科中心  Mon – Sat 9:00am - 7:00pm 
Dr. Poon Mimi 潘美薇醫生  Sun & PH Closed 
MBChB (CUHK), PDPH (CUHK), FRCSEd, FRCSEd (Gen), FCSHK, FHKAM (Surgery)    
Shop 102A, 103A, 103E, 105A, 1/F, Star House, 3 Salisbury Road, Tsim Sha Tsui   
尖沙咀梳士巴利道 3號星光行 1樓102A,103A,103E,105A 號舖   
Tel. : 2117 0838   
   
Dr. Ng Ching 吳晶醫生  Mon-Fri 10:00am - 1:00pm 
MBChB (CUHK), FHKAM (Surgery), MRCSEd, FCSHK, FRCSEd(Gen)   3:00pm - 6:00pm 
Room 1002, 10/F, Central Building, 1 Pedder Street, Central Wed & Sat  10:00am - 1:00pm 
中環畢打街 1號中建大廈 10樓1002室 Sun & PH  Closed 
Tel: 2157 1111   
   
PolyHealth Specialists Centre 健滙專科中心  Mon – Fri 9:30am - 6:30pm 
Dr. Chan Wing Hong 陳永康醫生  Sat 9:30am – 1:30pm 
MBChB (CUHK), FRCSEd, FCSHK, FHKAM (Surgery), Honorary Clinical Assistant Professor,  Sun & PH  Closed 
Department of Surgery, HKU, Clinical Assistant Professor (Honorary), Department of Surgery, CUHK    
Shop 102A, 103A, 103E, 105A, 1/F, Star House, 3 Salisbury Road, Tsim Sha Tsui   
尖沙咀梳士巴利道 3號星光行 1樓102A,103A,103E,105A 號舖   
Tel. : 2117 0838   
   
Shop B01b, Park Central, 9 Tong Tak Street, Tseung Kwan O  Mon – Sun 9:00am – 8:00pm 
將軍澳唐德街 9號將軍澳中心商場地庫 B01b舖   
Tel. : 3417 4803   
   
PolyHealth Specialists Centre 健滙專科中心    
Dr. Yeung Yun Ting Eunice 楊閏婷醫生    
MBChB (CUHK), FRCSEd, FCSHK, FHKAM (Surgery)    
Shop 102A, 103A, 103E, 105A, 1/F, Star House, 3 Salisbury Road, Tsim Sha Tsui  Mon – Fri 9:30am - 6:30pm 
尖沙咀梳士巴利道 3號星光行 1樓102A,103A,103E,105A 號舖 Sat 9:30am – 1:30pm 
Tel.

--- Segment 29 ---
: 3417 4803   
   
PolyHealth Specialists Centre 健滙專科中心    
Dr. Yeung Yun Ting Eunice 楊閏婷醫生    
MBChB (CUHK), FRCSEd, FCSHK, FHKAM (Surgery)    
Shop 102A, 103A, 103E, 105A, 1/F, Star House, 3 Salisbury Road, Tsim Sha Tsui  Mon – Fri 9:30am - 6:30pm 
尖沙咀梳士巴利道 3號星光行 1樓102A,103A,103E,105A 號舖 Sat 9:30am – 1:30pm 
Tel. : 2117 0838   
   
Shop B01b, Park Central, 9 Tong Tak Street, Tseung Kwan O Mon – Sun 9:00am – 8:00pm 
將軍澳唐德街 9號將軍澳中心商場地庫 B01b舖   
Tel. : 3417 4803   
   
G/F, 126 Shau Kei Wan Road, Sai Wan Ho Wed, Fri, Sat  9:00am – 7:00pm 
西灣河筲箕灣道 126號地舖   
Tel. : 2882 9830   
   
Shop 4, G/F, Kan Yip Building, 229 Castle Peak Road, Yuen Long Mon – Sat 9:00am – 6:30pm 
元朗青山公路 229號勤業樓地下 4號舖   
Tel. : 2473 0881    
 
 
 
 
 
 
 
 
 
 
 
 
 
Haematology & Haematological Oncology 血液及血液腫瘤科  
 
Dr. Ma Shing Yan 馬承恩醫生  Mon – Fri 10:00am – 1:00pm  
MBBS(HK), MRCP(UK), FHKAM(Medicine), FHKCP, PDipID   4:00pm – 6:30pm 
Suites 1715, 17/F, Hang Lung Centre, 2-20 Paterson Street, Causeway Bay Sat 10:00am – 1:00pm  
銅鑼灣百德新街 2-20號恆隆中心 17樓1715室 Sun & PH Closed 
Tel. : 2104 2018   
 
Internal Medicine 內科 
 
Dr. Lee Ping Kwong 李炳光醫生  Mon, Fri 3:00pm – 6:00pm 
MBBS(HK), MRCP(UK), FHKCP, FHKAM(Medicine)  Wed, Thu 11:00am – 1:00pm 
Room 1302, Phase 1, Argyle Centre, 688 Nathan Road, Mongkok  Sat 11:00am – 3:00pm 
旺角彌敦道 688號旺角中心第 1期1302室 Tue, Sun & PH Closed 
Tel. : 2381 7868 By Appointment Only 敬請預約  
   
Dr.

--- Segment 30 ---
Lee Ping Kwong 李炳光醫生  Mon, Fri 3:00pm – 6:00pm 
MBBS(HK), MRCP(UK), FHKCP, FHKAM(Medicine)  Wed, Thu 11:00am – 1:00pm 
Room 1302, Phase 1, Argyle Centre, 688 Nathan Road, Mongkok  Sat 11:00am – 3:00pm 
旺角彌敦道 688號旺角中心第 1期1302室 Tue, Sun & PH Closed 
Tel. : 2381 7868 By Appointment Only 敬請預約  
   
Dr. Shek Siu Tai 石兆泰醫生  Mon – Fri 10:00am – 1:00pm 
MBBS(HK), MRCP(UK) FRCP(Edin), FHKCP, FHKAM(MEDICINE)   3:00pm – 7:00pm 
Room 1008, Champion Building, 301-309 Nathan Road, Jordan  Sat 10:00am – 3:30pm 
佐敦彌敦道 301-309 號嘉賓商業大廈 1008室 Sun & PH   Closed 
Tel. : 2780 6313   
 
Neurology 腦神經內科  
 
IMS Institute of Medical Specialists 康匯醫療中心  Mon – Sat 10:00am - 1:00pm 
Dr. Lo Man Wai 盧文偉醫生   3:00pm - 6:30pm 
MBChB(CUHK) , MRCP(UK) , MPH(CUHK) , FHKCP, FHKAM(Medicine)  Sun & PH  Closed 
19/F, Sino Cheer Plaza, 23-29 Jordan Road, Kowloon   
九龍佐敦道 23-29號新寶廣場 19樓   
Tel. : 3622 1628   
 
Obstetrics & Gynaecology 婦產科 
 
Dr. Fok Lai Ling, Nancy 霍麗玲醫生  Mon, Tue, Fri  10:00am – 1:00pm 
MBBS(HK), FRCOG(UK), FHKAM(O & G)   3:00pm – 6:00pm 
Room 1210, Hong Kong Pacific Centre, 28 Hankow Road, Tsimshatsui  Wed, Thu, Sat  10:00am – 1:00pm 
尖沙咀漢口道 28號亞太中心 1210室 Sun & PH  Closed 
Tel. : 2367 2898   
   
Dr. Lam How Kit, James 林孝傑醫生  Mon, Tue, Thu, Fri  11:30am – 5:00pm 
MBBS(HK), MRCOG(UK), FHKAM(O&G), MHKCOG  Wed & Sat  11:30am – 1:00pm 
Room 1212, Melbourne Plaza, 33 Queen’s Road Central, Central  Sun & PH Closed 
中環皇后大道中 33號萬邦行 1212室   
Tel. : 2869 1688   
   
Dr.

--- Segment 31 ---
Lam How Kit, James 林孝傑醫生  Mon, Tue, Thu, Fri  11:30am – 5:00pm 
MBBS(HK), MRCOG(UK), FHKAM(O&G), MHKCOG  Wed & Sat  11:30am – 1:00pm 
Room 1212, Melbourne Plaza, 33 Queen’s Road Central, Central  Sun & PH Closed 
中環皇后大道中 33號萬邦行 1212室   
Tel. : 2869 1688   
   
Dr. Tang Yuen Chiu 鄧遠釗醫生  Mon – Tue, Thu  – Fri 10:30am – 2:00pm 
MBBS, MRCOG, FRCOG, FHKAM, FHKCOG   4:00pm – 7:00pm 
Room 801, Hang Shing Building, 363-373 Nathan Road, Jordan  Wed 10:30am – 2:00pm 
佐敦彌敦道 363-373 號恆成大廈 801室 Sat  10:30am – 4:00pm 
Tel. : 2780 0655, 2740 9225 Sun & PH  Closed 
   
IMS Institute of Medical Specialists 康匯醫療中心  Mon – Sat 10:00am - 1:00pm 
Dr. Wong Kin Sun 黃建新醫生   3:00pm - 6:30pm 
MBChB(CUHK) , FRCOG, FHKCOG , FHKAM(O&G)  Sun & PH  Closed 
19/F, Sino Cheer Plaza, 23-29 Jordan Road, Kowloon   
九龍佐敦道 23-29號新寶廣場 19樓   
Tel. : 3622 1628   
 
 
 
 
Dr. Yu Kar Fook 余家福醫生  Mon – Fri 10:00am - 1:00pm 
MBBS(HK), FRCOG(UK), FHKCOG, FHKAM(O&G)   3:00pm - 6:00pm 
Room 703, Sino Centre, 592 Nathan Road, Mongkok  Sat 10:00am - 3:00pm 
旺角彌敦道 592號信和中心 703室 Sun Closed 
Tel. : 2384 6069, 2384 6060   
 
Ophthalmology 眼科 
 
Dr. Cheng Pak Man, George 鄭柏文醫生  Mon – Fri 10:00am -1:00pm 
MBBS(HK), FRCS(EDIN), FCS(HK), FCOphth(HK), FHKAM(OPHTHALMOLOGY)   3:00pm-6:00pm 
Room 1009, Melbourne Plaza, 33 Queen's Road Central, Central  Sat 10:00am -4:00pm 
中環皇后大道中 33號萬邦行 1009室 Sun & PH  Closed 
Tel. : 2868 1186   
   
PolyHealth Specialists Centre 健滙專科中心  Mon – Sat 9:00am – 8:00pm 
Dr.

--- Segment 32 ---
Cheng Pak Man, George 鄭柏文醫生  Mon – Fri 10:00am -1:00pm 
MBBS(HK), FRCS(EDIN), FCS(HK), FCOphth(HK), FHKAM(OPHTHALMOLOGY)   3:00pm-6:00pm 
Room 1009, Melbourne Plaza, 33 Queen's Road Central, Central  Sat 10:00am -4:00pm 
中環皇后大道中 33號萬邦行 1009室 Sun & PH  Closed 
Tel. : 2868 1186   
   
PolyHealth Specialists Centre 健滙專科中心  Mon – Sat 9:00am – 8:00pm 
Dr. Hui Kin Man 許鍵文醫生  Sun & PH  Closed 
MBChB(CUHK), FHKAM(Ophth), FCOphth HK, FRCS(Edin), MBA(Health Care)(CUHK)    
Shop B01b, Park Central, 9 Tong Tak Street, Tseung Kwan O    
將軍澳唐德街 9號將軍澳中心商場地庫 B01b舖   
Tel. : 3417 4803   
   
Dr. Luke Ka Chu Henry 陸家柱醫生  Mon, Wed & Fri  3:00pm – 6:00pm 
MBBS(London), FRCS(Edin), FCOphth(HK), FCS(HK), FHKAM(Opthalmology)  Tue & Thu   10:00am – 1:00pm 
Room 808, Manning House, 48 Queen’s Road Central, Central   3:00pm – 6:00pm 
中環皇后大道中 48號萬年大廈 808室 Sat 10:00am – 1:00pm 
Tel. : 2537 7698 Sun & PH  Closed 
   
Dr. Shum Wai Kiu 沈偉翹醫生  Mon – Fri 9:30am – 1:00pm 
MBBS, DO, FRCS, FRCOphth, FCSHK, FCOphth   3:30pm – 6:30pm 
Room 1603, Phase 1, Argyle Centre, 688 Nathan Road, Mongkok  Sat 9:30am – 1:00pm 
旺角彌敦道 688號旺角中心第 1期1603室  2:00pm – 5:00pm 
Tel. : 2390 7656 Sun  Closed 
   
PolyHealth Specialists Centre 健滙專科中心  Mon – Fri 9:30am – 6:30pm 
Dr. Chan Johnathan Cheuk Hung 陳焯鴻醫生  Sat 9:30am – 2:30pm 
BSc(Med), MBBS (Hons)(UNSW), FHKAM (Ophthalmology), FCOphth HK, FRCSEd (Ophth)    
Shop 102A, 103A, 103E, 105A, 1/F, Star House, 3 Salisbury Road, Tsim Sha Tsui   
尖沙咀梳士巴利道 3號星光行 1樓102A,103A,103E,105A 號舖   
Tel. : 2117 0838   
 
 
 
 
 
Orthopaedic 骨科 
 
Dr.

--- Segment 33 ---
Chan Johnathan Cheuk Hung 陳焯鴻醫生  Sat 9:30am – 2:30pm 
BSc(Med), MBBS (Hons)(UNSW), FHKAM (Ophthalmology), FCOphth HK, FRCSEd (Ophth)    
Shop 102A, 103A, 103E, 105A, 1/F, Star House, 3 Salisbury Road, Tsim Sha Tsui   
尖沙咀梳士巴利道 3號星光行 1樓102A,103A,103E,105A 號舖   
Tel. : 2117 0838   
 
 
 
 
 
Orthopaedic 骨科 
 
Dr. Chang Shao 張劭醫生  Mon – Fri 10:00am – 1:00pm 
MBBS(HK  1979), FHKAM (Orthpaedics Surgery  1993), FRCS(EDIN), MCH, ORTHO(U OF LIVERPOOL)  Sat, Sun & PH  Closed 
Room 16, 11/F, East Point Centre, 555 Hennessy Road, Causeway Bay   
銅鑼灣軒尼詩道 555號東角中心 11樓16室   
Tel. : 2577 1093   
   
Room 1507, Phase 1, Argyle Centre, 688 Nathan Road, Mongkok Mon – Fri 3:00pm – 6:15pm 
旺角彌敦道 688號旺角中心 1期1507室 Sat 3:00pm – 5:15pm 
Tel. : 2398 1121 Sun & PH  Closed 
   
Dr. Cheng Chung Lun 鄭鍾麟醫生  Mon – Fri 10:00am – 1:00pm 
MBBS(HK), FRCS, FRACS, FHKCOS, FHKAM(Orth)   3:00pm – 6:00pm 
Room 2201, 22/F, Melbourne Plaza, 33 Queen’s Road Central, Central  Sat 10:00am – 1:00pm 
中環皇后大道中 33號萬邦行 22樓2201室 Sun & PH  Closed 
Tel. : 2526 6002, 2526 6232   
   
Dr. Chan Yat Fai 陳日輝醫生  Mon – Fri 10:00am – 1:00pm 
MBBS(HK), FRCSEd, FRCSEd (Orth), FHKCOS, FHKCOS (Rehabilitation), FHKAM(Orthopaedic Surgery)   3:00pm – 6:00pm 
Room 2201, 22/F, Melbourne Plaza, 33 Queen’s Road Central, Central  Sat 10:00am – 1:00pm 
中環皇后大道中 33號萬邦行 22樓2201室 Sun & PH  Closed 
Tel. : 2526 6002   
   
Dr. Lung Ting Kwan Peter 龍廷鈞醫生  Mon – Fri 10:00am – 1:00pm 
MBChB(CUHK), FCSHK, FRCS(Edin), FHKCOS, FRCS(Edin Ortho Surg), FHKAM(Ortho Surg)  Mon-Thu 3:00pm – 6:00pm 
Room 1309, Phase 1, Argyle Centre, 688 Nathan Road, Mongkok  Fri 3:30pm – 6:00pm 
旺角彌敦道 688號旺角中心 1期1309室 Sat 10:00am – 2:00pm 
Tel.

--- Segment 34 ---
: 2526 6002   
   
Dr. Lung Ting Kwan Peter 龍廷鈞醫生  Mon – Fri 10:00am – 1:00pm 
MBChB(CUHK), FCSHK, FRCS(Edin), FHKCOS, FRCS(Edin Ortho Surg), FHKAM(Ortho Surg)  Mon-Thu 3:00pm – 6:00pm 
Room 1309, Phase 1, Argyle Centre, 688 Nathan Road, Mongkok  Fri 3:30pm – 6:00pm 
旺角彌敦道 688號旺角中心 1期1309室 Sat 10:00am – 2:00pm 
Tel. : 2789 9068, 2789 9231   
   
PolyHealth Specialists Centre 健滙專科中心  Mon – Sat 9:00am - 7:00pm 
Dr. Hui Chi Wai 許志偉醫生  Sun & PH  Closed 
MBBS(HK), MRCS(Edin), FRCSEd(Orth), FHKCOS, FHKAM(Orth)    
Shop 102A, 103A, 103E, 105A, 1/F, Star House, 3 Salisbury Road, Tsim Sha Tsui   
尖沙咀梳士巴利道 3號星光行 1樓102A,103A,103E,105A 號舖   
Tel. : 2117 0838   
   
PolyHealth Specialists Centre 健滙專科中心  Mon – Sat 9:00am - 7:00pm 
Dr. Sun Kin Wai Kelvin 孫建威醫生  Sun & PH  Closed 
MBBS(HK), MRCS(Ed), FRCSEd(Orth), FHKCOS, FHKAM(Orth)    
Shop 102A, 103A, 103E, 105A, 1/F, Star House, 3 Salisbury Road, Tsim Sha Tsui   
尖沙咀梳士巴利道 3號星光行 1樓102A,103A,103E,105A 號舖   
Tel. : 2117 0838   
   
Shop B01b, Park Central, 9 Tong Tak Street, Tseung Kwan O  Mon-Sat 9:00am – 8:00pm 
將軍澳唐德街 9號將軍澳中心商場地庫 B01b舖 Sun & PH  Closed 
Tel. : 3417 4803   
   
SureCare Medical Centre 信康專醫療中心  Mon – Fri 10:00am – 7:00pm  
Dr. Chan Chi Fai 陳智輝醫生  Sat 10:00am – 4:00pm  
MBBCh (Wales UK), FRCSEd, M. Med.

--- Segment 35 ---
Chan Chi Fai 陳智輝醫生  Sat 10:00am – 4:00pm  
MBBCh (Wales UK), FRCSEd, M. Med. (Surgery) (Singapore), FHKAM (Orthopaedic Surgery),  Sun & PH Closed 
FHKCOS, FHKCOS (Rehabilitation)    
Room 1507, Phase 1, Argyle Centre, 688 Nathan Road, Mongkok   
旺角彌敦道 688號旺角中心 1期1507室   
Tel. : 2398 1399   
 
 
 
 
Dr. Ho Sheung Tung 何相東醫生  Mon – Fri 10:00am – 1:00pm 
MBBS (HK), FRCS (Glasg), FHKCOS, FHKAM (Orthopaedic Surgery), Dip Med (CUHK), PDipCAH (HK)   3:00pm – 6:00pm 
Room 1507, Phase 1, Argyle Centre, 688 Nathan Road, Mongkok Sat 10:00am – 1:00pm 
旺角彌敦道 688號旺角中心 1期1507室   
Tel. : 2398 1763   
   
PolyHealth Specialists Centre 健滙專科中心    
Dr. Leung Wai Yeung 梁偉揚醫生    
MBBS (HK), FCSHK, FRCSEd, FRCSEd(Orth), FHKCOS, FHKAM(Orthopaedic Surgery),   
FHKCOS (Rehabilitation)    
Shop 102A, 103A, 103E, 105A, 1/F, Star House, 3 Salisbury Road, Tsim Sha Tsui  Mon – Fri 9:30am – 6:30pm 
尖沙咀梳士巴利道 3號星光行 1樓102A,103A,103E,105A 號舖 Sat 9:30am – 1:30pm 
Tel. : 2117 0838   
   
Shop B01b, Park Central, 9 Tong Tak Street, Tseung Kwan O Mon – Sun 9:00am – 8:00pm 
將軍澳唐德街 9號將軍澳中心商場地庫 B01b舖   
Tel. : 3417 4803   
 
Urology 泌尿科 
 
Dr. Szeto Yiu Kwai 司徒耀桂醫生  Mon – Fri 10:00am - 1:00pm 
MBBS(HK), FRCS(Edin), Diploma in Urology(London), FHKAM(Surgery)   3:00pm - 7:00pm 
Room 801-803, 8/F, 26 Nathan Road, Tsim Sha Tsui  Sat 10:00am - 2:00pm 
尖沙咀彌敦道 26號8樓801-803 室 Sun & PH  Closed 
Tel.

--- Segment 36 ---
: 3417 4803   
 
Urology 泌尿科 
 
Dr. Szeto Yiu Kwai 司徒耀桂醫生  Mon – Fri 10:00am - 1:00pm 
MBBS(HK), FRCS(Edin), Diploma in Urology(London), FHKAM(Surgery)   3:00pm - 7:00pm 
Room 801-803, 8/F, 26 Nathan Road, Tsim Sha Tsui  Sat 10:00am - 2:00pm 
尖沙咀彌敦道 26號8樓801-803 室 Sun & PH  Closed 
Tel. : 2368 8032   
   
PolyHealth Specialists Centre 健滙專科中心  Mon – Fri 9:30am - 6:30pm 
Dr. Cheung Man Hung 張文虹醫生  Sat 9:30am - 1:30pm 
MBChB (CUHK), FCSHK, FHKAM (Surgery), FRCSEd (Urol), MScHSM (CUHK)  Sun & PH  Closed 
Shop 102A, 103A, 103E, 105A, 1/F, Star House, 3 Salisbury Road, Tsim Sha Tsui   
尖沙咀梳士巴利道 3號星光行 1樓102A,103A,103E,105A 號舖   
Tel. : 2117 0838   
   
Shop B01b, Park Central, 9 Tong Tak Street, Tseung Kwan O Mon – Sun 9:00am – 8:00pm 
將軍澳唐德街 9號將軍澳中心商場地庫 B01b舖   
Tel. : 3417 4803   
   
Shop 4, G/F, Kan Yip Building, 229 Castle Peak Road, Yuen Long Mon – Sun 9:00am – 7:30pm 
元朗青山公路 229號勤業樓地下 4號舖   
Tel. : 2473 0881

