--- Segment 1 ---
Lingnan University Student Medical Scheme 2024-2025 Period of Coverage : 01/09/2024 to 31/08/2025 (For Full-time Students Only) Lingnan University (LU) - Undergraduate Degree Programme (UG) - Research Postgraduate Programmes (RP) - Taught Postgraduate Programmes (GR) Lingnan Institute of Further Education (LIFE) - Associate Degree Programmes (AD) - Higher Diploma Programmes (HD) - Diploma Programmes (DL) The information contained in this list is exclusively prepared for Lingnan University for internal circulation only.

--- Segment 2 ---
Lingnan University Student Medical Scheme 2024-2025 Period of Coverage : 01/09/2024 to 31/08/2025 (For Full-time Students Only) Lingnan University (LU) - Undergraduate Degree Programme (UG) - Research Postgraduate Programmes (RP) - Taught Postgraduate Programmes (GR) Lingnan Institute of Further Education (LIFE) - Associate Degree Programmes (AD) - Higher Diploma Programmes (HD) - Diploma Programmes (DL) The information contained in this list is exclusively prepared for Lingnan University for internal circulation only. Lingnan 20240901 Medical Benefits to be covered (1) General Doctor's Consultation including 3 days of basic medications or antibiotics (if applicable). (2) All necessary simple X-rays and laboratory test. A referral letter from one of the panel doctors is required. Patient Guidelines - Please make an appointment in advance as doctor's consultation hours may change.

--- Segment 3 ---
Patient Guidelines - Please make an appointment in advance as doctor's consultation hours may change. - Present your student card by the time of treatment. - You are required to pay HK$20 per visit to the attending doctor. - Please sign your name onto the claim voucher provided by the clinic and do not sign more than one claim voucher per day. Limited to 1 visit per day. - You may retain the green "Patient Copy" for your own reference.

--- Segment 4 ---
- You may retain the green "Patient Copy" for your own reference. - Although specialist consultation is not covered by the medical scheme, you will be charged a preferential fee of HK$380 per consultation. This Network Doctor List may be updated from time to time. For the most updated Medical Network, please access MediNet website at www. medinet. com. hk/lingnan (User name & password : LINGNAN) Medical Scheme Administrator MediNet Services Ltd Unit 3601, 36/F, Citicorp Centre, 18 Whitfield Road, Causeway Bay, Hong Kong Tel: 2887 0099 Fax: 2887 6998 What the scheme does not cover 1.

--- Segment 5 ---
hk/lingnan (User name & password : LINGNAN) Medical Scheme Administrator MediNet Services Ltd Unit 3601, 36/F, Citicorp Centre, 18 Whitfield Road, Causeway Bay, Hong Kong Tel: 2887 0099 Fax: 2887 6998 What the scheme does not cover 1. Pre-existing conditions prior to the effective date of membership. 2. Long term medication and specially prescribed medications. 3. Physical examinations and check-ups. 4. Medical or dental care provided by non-designated clinics. 5. Eye refractions. 6. Psychiatric care and attention. 7. Congenital and its related diseases.

--- Segment 6 ---
Congenital and its related diseases. 8. Sterilization of either sex. 9. Injuries due to insanity or self-infliction. 10. Inoculation or vaccination for immunization. 11. AIDS and its related complication, and sexually transmitted disease. 12. Pregnancy and all matters related to pregnancy. 13. Infertility includes In-Vitro Fertilization.

--- Segment 7 ---
Infertility includes In-Vitro Fertilization. 14. Treatments for cosmetic purpose. 15. Specialist consultation & medicines. Scope of protection (1) General clinic includes three days of basic drugs or antibiotics (if applicable) (2) Simple X-ray and test, a doctor's referral letter issued by an online doctor must be presented. Guidelines for medical treatment - The doctor's diagnosis time may change, please call to make an appointment - Show student ID to register for the nurse on duty - Each consultation requires a HKD 20 to be paid to the doctor - Signed on the compensation form and cannot sign more than ㇐ compensation form within the same day, only ㇐ visits are allowed per day - Keep a copy of the patient for record - This plan does not include specialist clinics, but you can still receive specialist treatment with HK$380 discounted clinics. This online doctor list may be changed. If you want to obtain the latest information about the medical network, please visit www.

--- Segment 8 ---
Scope of protection (1) General clinic includes three days of basic drugs or antibiotics (if applicable) (2) As simple as X-ray and test, a doctor's referral letter issued by an online doctor must be presented. Medical consultation guidance - The doctor's diagnosis time may change, please call to make an appointment - Show student ID to register for the nurse on duty - Each consultation requires a HK$20 payment to the doctor - Signed on the compensation form and cannot sign more than ㇐ compensation form within the same day, only ㇐ visits are allowed per day - Keep a copy of the patient for record - This plan does not include a specialty clinic, but you can still receive specialty treatment with HK$380. The roster of doctors in this online may be changed. If you want to obtain the latest information about the medical network, please visit www. medinet. com. hk/lingnan (Login name and password: LINGNAN) Medical Plan Manager Medical Services Limited Room 3601, 36th Floor, Wanguo Baotong Centre, 18 Weifei Road, Causeway Bay, Hong Kong Tel: 2887 0099 Fax: 2887 6998 Uninsured scope of medical plans 1. Diseases suffered before the effective date of insurance 2. Drugs and special drugs taken during the period 3. Health examinations and other tests not caused by medical illnesses and accidents 4. Medical and dental care by non-network doctors 5. Vision tests 6. Psychiatric and psychological treatment 7. Congenital defects or related diseases 8. Sexual sperm surgery 9. Injury caused by suicide or madness 10. Preventive injection 11. AIDS and diseases and sexually transmitted diseases caused by AIDS 12. Any care or illness caused by pregnancy or pregnancy 13.

--- Segment 9 ---
Any care or illness caused by pregnancy or pregnancy 13. Infertility or artificial insemination 14. Treatment required for cosmetics 15. Specialty clinics and medications LIST OF GENERAL PRACTITIONERS List of general physicians Hong Kong Side ABERDEEN ABERDEEN ABERDEEN ABHK Chiu, Joseph Dr. Chung Chi Chiu, Joseph Mon – Fri 9:00am - 1:00pm MBBS(HK), MRCP(UK), MHKCP 4:30pm - 8:00pm G/F, Shop B, Kam Fung Building, Wu Pak Street, Aberdeen Wed, Sat 9:00am - 1:00pm Shop B, G/F, Jinfeng Building, Hubei Street, Aberdeen 4:30pm - 6:00pm Tel.

--- Segment 10 ---
Chung Chi Chiu, Joseph Shop B Shop B Shop B Shop B Shop B Shop B Shop B Shop B Shop B Shop B Shop B Shop B Shop B Shop B Shop B Shop B Shop B Shop B Shop B Shop B Shop B Shop B Shop B Shop B Shop B Shop B Shop B Shop B Shop B Shop B Shop B Shop B Shop B Shop B Shop 4:30pm - 6:00pm Tel. : 2552 1222 PH 9:00am - 12:00pm Sun Closed CAUSEWAY BAY Causeway Bay Dr. Tong Siu Man Dr. Tang Zhaomin Mon – Fri 10:00am – 1:00pm MBBS(HK) , FHKCGP, FHKAM(FMED), FRACGP, DCH(LONDON), DCH(IRELAND) 3:00pm – 6:00pm Suite 1816, East Point Centre, 555 Hennessy Centre, Causeway Bay Room 1816, East Point Centre, 555 Hennessy Centre, Causeway Bay Tel. : 2573 8322 CENTRAL MediNet Health Centre Mon – Fri 2:30pm – 6:30pm Room 601, 6/F, 10 Pottinger Street, Central Sat 9:00am – 2:00pm Room 601, 6th Floor, No. 10, Bodianzha Street, Central Sun & PH Closed Tel.

--- Segment 11 ---
: 2573 8322 CENTRAL MediNet Health Centre Mon – Fri 2:30pm – 6:30pm Room 601, 6/F, 10 Pottinger Street, Central Sat 9:00am – 2:00pm Room 601, 6/F, Central Sun & PH Closed Tel. : 2810 5566 NORTH POINT North Point Dr. Tong Terence Mon – Fri 9:30am – 1:30pm LLM RCP (Irel), LLM RCS (Irel) , MBBCh BAO (NU Irel) , Dip Ger Med RCP (Lond) , DCH (Lond) , 4:00pm – 8:00pm DTM&H (Lond) , DFM (CUHK) , MFM (CUHK) Sat 10:00am – 1:30pm Shop 2C, G/F, Swanhill Mansion, 198 Electric Road, North Point 3:00pm – 7:00pm Shop 2C, Sun & PH 10:00am – 1:00pm Tel.

--- Segment 12 ---
Tong Terence Dr. Tang Delun Mon – Fri 9:30am – 1:30pm LLM RCP (Irel), LLM RCS (Irel) , MBBCh BAO (NU Irel) , Dip Ger Med RCP (Lond) , DCH (Lond) , 4:00pm – 8:00pm DTM&H (Lond) , DFM (CUHK) , MFM (CUHK) Sat 10:00am – 1:30pm Shop 2C, G/F, Swanhill Mansion, 198 Electric Road, North Point 3:00pm – 7:00pm Shop 2C, G/F, Xuan Xie Building, 198 North Point Electric Road Sun & PH 10:00am – 1:00pm Tel. : 3428 3299 QUARRY BAY Human Health Medical Centre 190 Quarry Bay Human Health Medical Centre Mon 3:00am – 7:30pm Shop 2C, G/F, Bo Fung Gardens, 1090 King's Road, Quarry Bay Tue 9:00am – 2:00pm Shop 2C, 1090 King's Road, Quarry Bay Tue 3:00pm – 7:00pm Tel. : 2811 9008 Wed, Fri, Sat 8:30am – 1:30pm 3:00pm – 7:00pm Thu, Sun Closed Dr. Cheng Chung Ping Dr. Zheng Zhongping Mon – Fri 10:00am – 1:00pm MBBS(HK), MRCP(UK), DCH(LOND), DGM(LOND), FHKAM 4:00pm – 7:30pm Room 606, 6/F, Kornhill Plaza – Office Tower, Quarry Bay Sat, Sun & PH 10:00am – 1:00pm Quarry Bay Kangyi Plaza – Office Building Room 606, 6th Floor Tel.

--- Segment 13 ---
Cheng Chung Ping Dr. Cheng Chun Ping Mon – Fri 10:00am – 1:00pm MBBS(HK), MRCP(UK), DCH(LOND), DGM(LOND), FHKAM 4:00pm – 7:30pm Room 606, 6/F, Kornhill Plaza – Office Tower, Quarry Bay Sat, Sun & PH 10:00am – 1:00pm Quarry Bay Kangyi Plaza – Room 606, 6th Floor, Office Building Tel. : 2884 4606 Dr. Yip Yuk Pang Dr. Ye Yuk Pang Mon – Fri 9:00am – 1:00pm MBBS(HK), MRCP(UK), DCH(LOND) 4:00pm – 8:00pm Room 602, 6/F, Kornhill Plaza – Office Tower, Quarry Bay Sat & PH 9:00am – I:00pm Quarry Bay Kangyi Plaza – Office Building Room 602, 6th Floor, Office Building Sun Closed Tel. : 2560 0015 WESTERN DISTRICT West District Dr. Chan Cho Yin Dr. Chan Cho Yin Mon – Thu 8:30am - 1:00pm MBBS(HK), DCH(IRELAND) 3:30pm - 8:00pm Shop B, G/F, New Start Building, 330-336 Queen's Road West, Sai Ying Pun Fri & Sat 8:30pm - 1:00pm Shop B, Xinsheng Building, No. 330-336 Queen's Road West, Sai Ying Pang Stone B 3:30pm - 7:00pm Tel.

--- Segment 14 ---
Chan Cho Yin Dr. Chan Cho Yin Mon – Thu 8:30am - 1:00pm MBBS(HK), DCH(IRELAND) 3:30pm - 8:00pm Shop B, G/F, New Start Building, 330-336 Queen's Road West, Sai Ying Pun Fri & Sat 8:30pm - 1:00pm Shop B, Xinsheng Building, 330-336 Queen's Road West, Sai Ying Pang Pang 8:30pm - 7:00pm Tel. : 2857 2776 Sun & PH Closed Dr. Chan Sik Chou, Michael Dr. Chen Jianqiu Mon – Fri 8:30am - 1:00pm MBBS(UK), DCH(LOND,IRELAND) 4:00pm - 9:00pm G/F, Jade Court, 35A Belcher's Street, Kennedy Town, Sai Wan Sat, Sun & PH 8:30am - 1:00pm G/F, Jade Court, No. 35A Belcher's Street, Kennedy Town, West Ring Road Tel. : 2819 8688 Dr. Lau Chung Man Dr. Liu Zhongwen Mon – Fri 9:00am - 1:00pm MBBS(EDINBURGH) 4:00pm - 7:30pm Shop C1, Ning Yeung Terrace, 78-88 Bonham Road, Western District Sat 9:00am - 1:00pm Shop C1, Ningyangtai G/F, No. 78-88, Bonham Road, West District 4:00pm - 7:00pm Tel.

--- Segment 15 ---
Lau Chung Man Dr. Liu Zhongwen Mon – Fri 9:00am - 1:00pm MBBS(EDINBURGH) 4:00pm - 7:30pm Shop C1, Ning Yeung Terrace, 78-88 Bonham Road, Western District Sat 9:00am - 1:00pm Shop C1, Ning Yangtai G/F, 78-88 Bonham Road, West District 4:00pm - 7:00pm Tel. : 2858 9523 Sun & PH 9:00am - 1:00pm Kowloon Side JORDAN JORDAN Dr. Mok Hing Hung, Michael Dr. Mo Qingxiong Mon – Fri 10:00am - 1:00pm MRCS(ENG), LRCP(LOND), MBBS(LOND), MRCP(UK) 3:00pm - 6:00pm Room 802, Championship Building, 301-309 Nathan Road, Jordan Sat 10:00am - 1:00pm Room 802, Guest Commercial Building, 301-309 Nathan Road, Jordan Sat Room 802, Guest Commercial Building, 301-309 Nathan Road, Jordan Sat Room 802, Wed, Sun & PH Closed Tel.

--- Segment 16 ---
Mok Hing Hung, Michael Dr. Mo Qingxiong Mon – Fri 10:00am - 1:00pm MRCS(ENG), LRCP(LOND), MBBS(LOND), MRCP(UK) 3:00pm - 6:00pm Room 802, Championship Building, 301-309 Nathan Road, Jordan Sat 10:00am - 1:00pm Room 802, Guest Commercial Building, 301-309 Nathan Road, Jordan Sat Room 802, Guest Commercial Building, 301-309 Nathan Road, Jordan Sat Room 802, Wed, Sun & PH Closed Tel. : 2385 5802 (By Appointment Only Please make an appointment ) Dr. Yeung Chung Him Dr. Yeung Chun Wed & Sat 10:00am – 1:00pm MBBS(HK), FRCP(EDIN&GLAS), FHKAM(PAED), DCH(LOND) 3:30pm – 6:30pm Room 1010, Championship Building, 301-309 Nathan Road, Jordan Wed & Sat 10:00am – 1:00pm Room 1010, Guest Commercial Building, 301-309 Nathan Road, Jordan Wed & Sat 10:00am – 1:00pm Room 1010, Guest Commercial Building, 301-309 Nathan Road, Jordan Wed & Sat 10:00am – 1:00pm Room 1010, Guest Commercial Building, 301-309 Nathan Road, Jordan Sun & PH Closed Tel. : 2710 8862, 2710 8812 KOWLOON BAY Kowloon Bay Dr.

--- Segment 17 ---
: 2710 8862, 2710 8812 KOWLOON BAY Dr. Lam Kam Toa Dr. Lam Kam Toa Mon – Fri 9:00am – 1:00pm MBBS(SING 1975), MRCP(UK), MRCP(IREL) 3:30pm – 7:30pm Shop S192, 2/F, Phase IV, Amoy Plaza, 77 Ngau Tau Kok Road, Kowloon Bay Wed 3:30pm – 7:30pm Room S192, 2nd Floor, Taotao Shopping Mall, No. 77 Niutou Kok Road, Kowloon Bay Sat 9:00am – 1:00pm Tel. : 2755 1662 3:30pm – 6:00pm Sun & PH Closed Dr. Lau Sau Wah Dr. Soohua Mon, Tue, Thu, Fri 9:00am – 1:00pm MBBS(HK 1984), MRCP(HK) 3:30pm – 7:00pm Shop 50, G/F, Jade Field Garden, 15-19 Ngau Tau Kok Road, Kowloon Bay Wed 9:00am – 1:00pm Niutou Kok Road, Kowloon Bay Shop 50, G/F, Jiaheyuan, No. 15-19 4:00pm – 7:00pm Tel.

--- Segment 18 ---
Lau Sau Wah Dr. Liu Xiuhua Mon, Tue, Thu, Fri 9:00am – 1:00pm MBBS(HK 1984), MRCP(HK) 3:30pm – 7:00pm Shop 50, G/F, Jade Field Garden, 15-19 Ngau Tau Kok Road, Kowloon Bay Wed 9:00am – 1:00pm Shop 50, G/F, Jade Field Garden, 15-19 Ngau Tau Kok Road, Kowloon Bay 4:00pm – 7:00pm Tel. : 2798 0663 Sat 9:00am – 1:00pm LAM TIN Dr. Lo Shing Kei Dr. Lo Shing Kei Mon – Sun & PH 8:30am - 1:00pm MBBS(HK ) 3:30pm - 8:30pm Room 205, Tak King House, Tak Tin Commercial Centre, Lam Tin Room 205, De Kin Building, De Kin Building, Lam Tin Shopping Mall, Tel. : 2709 3988 MONGKOK Dr. Lee Ping Kwong Dr. Lee Ping Kwong Mon, Fri 3:00pm – 6:00pm MBBS(HK), MRCP(UK), FHKCP, FHKAM(MED) Wed, Thu 11:00am – 1:00pm Room 1302, Argyle Centre Phase 1, 688 Nathan Road, Mongkok Sat 11:00am – 3:00pm Room 1302, Mongkok Centre, 688 Nathan Road, Mongkok Tue, Sun & PH Closed Tel.

--- Segment 19 ---
Lee Ping Kwong Dr. Lee Bing Kwang Mon, Fri 3:00pm – 6:00pm MBBS(HK), MRCP(UK), FHKCP, FHKAM(MED) Wed, Thu 11:00am – 1:00pm Room 1302, Argyle Centre Phase 1, 688 Nathan Road, Mongkok Sat 11:00am – 3:00pm Room 1302, Mongkok Centre, 688 Nathan Road, Mongkok Sat 11:00am – 3:00pm Room 1302, Mongkok Centre, 688 Nathan Road, Mongkok Tue, Sun & PH Closed Tel. : 2381 7868 By Appointment Only Please make an appointment NGAU TAU KOK Dr. Ng Kin Chung Dr. Ng Kin Chung Mon – Fri 10:15am - 1:00pm MBBS(HK) 5:15pm - 8:00pm G/F, Hung Cheuk Hse, Kwun Tong Garden Estate, 277 Ngau Tau Kok Road Sat, Sun & PH 10:15am - 12:30pm G/F Peacock Building, Guan Tang Garden Building, 277 Niu Tau Kok Road Tel. : 2793 3833 SHAMSHUIPO Dr. Chau Chi Chiu Mon – Fri 9:00am - 1:00pm MBBS(HK), MRCP(UK), FHKCP, FHKAM(MED) 4:00pm - 7:00pm B1, G/F, 56 Yen Chow Street, Shamshuipo Sat 9:00am - 1:00pm G/F B1, No. 56 Chin Chau Street, Sham Shui Po Sun & PH Closed Tel.

--- Segment 20 ---
Chau Chi Chiu Dr. Chiu Mon – Fri 9:00am - 1:00pm MBBS(HK), MRCP(UK), FHKCP, FHKAM(MED) 4:00pm - 7:00pm B1, G/F, 56 Yen Chow Street, Shamshuipo Sat 9:00am - 1:00pm G/F, B1, No. 56 Chin Chau Street, Sham Shui Po Sun & PH Closed Tel. : 2720 8282 TOKWAWAN Dr. Yau Siu Hong Dr. Yau Siu Hong Mon – Sat 8:00am - 1:00pm MBBS(RGN), DFM(CUHK) 4:00pm - 9:00pm Shop 128, G/F, Block G, Lok Man Sun Chuen, Tokwawan Sun & PH 9:00am - 1:00pm Shop 128, G/F, DFM(CUHK) Tel. : 2712 2525 TSEUNG KWAN O Dr. Ma Ping Kwan, Danny Dr. Ma Ping Kwan, Danny Mon, Tue, Thu, Fri 9:30am – 1:00pm MBBS(SYD), DCH(IREL), FRACGP 4:00pm – 7:30pm Shop 27B, G/F, Commercial Centre, On Ning Garden, Tseung Kwan O Sat, Sun 10:00am – 1:00pm G/F 27B Wed, PH Closed Tel.

--- Segment 21 ---
Ma Ping Kwan, Danny Dr. Ma Ping Kwan Mon, Tue, Thu, Fri 9:30am – 1:00pm MBBS(SYD), DCH(IREL), FRACGP 4:00pm – 7:30pm Shop 27B, G/F, Commercial Centre, On Ning Garden, Tseung Kwan O Sat, Sun 10:00am – 1:00pm G/F 27B Wed, PH Closed Tel. : 2705 0867 TSIMSHATSUI MediNet Health Centre Yihui Medical Center Mon – Fri 9:00am – 1:00pm Unit 1212, 12/F, Ocean Centre, Harbour City, Canton Road, Tsimshatsui 2:30pm – 6:00pm Room 1212, 12th Floor, Harbour City, Canton Road, Tsimshatsui Sat 9:00am – 2:00pm Tel. : 2730 2280 Sun & PH Closed TSZ WAN SHAN Dr. Ing Clinic & Associates Ankang Medical Center Mon – Fri 8:00am – 1:00pm MBBS(SING) 4:00pm – 9:00pm G/F, 42 Yuk Wah Street, Tsz Wan Shan Sat 8:00am – 1:00pm G/F, 42 Yuhua Street, Tsz Wan Shan Sun & PH 9:00am – 1:00pm Wisdom Medical Group Mon – Sat 8:30am – 9:30pm G/F, 58 Yuk Wah Street, Tsz Wan Shan Sun & PH 9:00am – 5:00pm G/F, No. 58 Yuhua Street, Ciyun Mountain Tel.

--- Segment 22 ---
: 2752 7878, 2326 2366 Sun & PH 8:00am – 1:00pm Wisdom Medical Group Mon – Sat 8:30am – 9:30pm G/F, 58 Yuk Wah Street, Tsz Wan Shan Sun & PH 9:00am – 5:00pm G/F, Tel. : 2322 6789 WONG TAI SIN Dr. Tang Kuen Yan, Alfred Dr. Tang Kuen Yan, Alfred Mon – Fri 9:00am – 12:45pm MBBS(HK) 5:00pm – 8:00pm Shop 6B, Cheung Ying Alley, 110 Lung Cheung Road, Wong Tai Sin Sat 9:00am – 12:45pm Shop 6B, Xiang Yingli, 110 Long Xiang Road, Wong Tai Sin Sun & PH 10:00am – 12:45pm Tel. : 2328 8700 New Territories Side SHATIN Dr. Lau Hon Kong, Eddie Dr. Lau Hon Kong, Eddie Mon – Fri 9:00am – 1:00pm MBBS(HK) 4:00pm – 7:30pm Shop 13, Level 3, Hilton Plaza, 3-9 Shatin Centre Street, Shatin Sat & PH 9:00am – 1:00pm Shop 13, 3rd Floor, Hilton Centre Mall, 3-9, Shatin Street, Sun Closed Tel.

--- Segment 23 ---
Lau Hon Kong, Eddie Dr. Hangang Liu Mon – Fri 9:00am – 1:00pm MBBS(HK) 4:00pm – 7:30pm Shop 13, Level 3, Hilton Plaza, 3-9 Shatin Centre Street, Shatin Sat & PH 9:00am – 1:00pm Shop 13, 3-9 Hilton Center Mall, 3-9 Zheng Street, Shatin Sun Closed Tel. : 2693 3699 TAI PO Dr. Chan Kwing Wing Dr. Chan Kwing Wing Dr. Chan Kwing Wing Mon – Fri 9:00am – 1:00pm MBChB(EDIN) (except Wed) 3:30pm - 8:30pm Shop 227B, Level 2, Plover Cove Garden Shopping Centre, Plover Cove Road, Tai Po Wed 3:30am - 7:00pm Shop 227B, No. 3 Baohu Road, Tai Po Sat-Sun 9:00am - 1:00pm Tel. : 2652 0126 Dr. Kwok Ming Fai, David Dr. Kwok Minghui Mon – Fri 8:00am – 1:00pm MBChB(LIVERPOOL), MRCS(ENG), LRCP, DTM&H(LIVERPOOL), DIP.

--- Segment 24 ---
Kwok Ming Fai, David Dr. Kwok Ming Hui Mon – Fri 8:00am – 1:00pm MBChB(LIVERPOOL), MRCS(ENG), LRCP, DTM&H(LIVERPOOL), DIP. VEN(LIVERPOOL) 4:00pm – 8:00pm G/F, 22 Wai Yan Street, Tai Po Thu 4:00pm – 8:00pm G/F, 22 Wai Yan Street, Tai Po Thu 4:00pm G/F, 22 Huairen Street, Tai Po Shun Sat 8:00am – 1:00pm Tel. : 2653 1777 Sun & PH 8:30am – 12:30pm Dr. Yung Sai Wah Gilbert Dr. Rong Shihua Mon – Sat 8:30am – 1:00pm MBBS, DIP. DERM(WALES), DIP. F. MED(CUHK) 4:00pm – 8:30pm Shop 107, Fu Shin Shopping Centre, Tai Po Sun & PH 9:00am – 1:00pm Room 107, Fu Shin Shopping Centre, Tai Po Sun & PH 9:00am – 1:00pm Room 107, Fu Shan Village Shopping Centre, Tai Po Room 107 Tel.

--- Segment 25 ---
MED(CUHK) 4:00pm – 8:30pm Shop 107, Fu Shin Shopping Centre, Tai Po Sun & PH 9:00am – 1:00pm Room 107, Fu Shin Shopping Centre, Tai Po Fu Shan Village Shopping Centre Tel. : 2661 1773 TIN SHUI WAI Dr. Chow Ching Te Dr. Chow Ching Te Mon – Fri 8:30am – 1:00pm MBBS(HK); MRCP(UK); MHKCP 4:00pm – 8:00pm Shop F7, 1/F, Kingswood Richly Plaza, Kingswood Villas, Tin Shui Wai Sat 8:30am – 1:00pm No. F7, 1st Floor, New Beijiang Mall, Jiahu Villa, Tin Shui Wai 4:00pm – 6:00pm Tel. : 2448 7388 Sun & PH 8:30am – 1:00pm TSING YI Human Health Medical Centre 1st Floor, Tue, Fri, Sat 9:00am – 2:00pm Shop No. 44 and 45, G/F, MTR Tsing Yi station 3:00pm – 7:00pm Shop 44-45, G/F, Tsing Yi Station, MTR Wed 9:00am – 2:00pm 3:30am – 7:00pm Tel.

--- Segment 26 ---
44 and 45, G/F, MTR Tsing Yi station 3:00pm – 7:00pm Shop 44-45, G/F, MTR Tsing Yi station, MTR Wed 9:00am – 2:00pm 3:30am – 7:00pm Tel. : 2887 8823 Thu 3:00pm – 7:00pm TUEN MUN Dr. Lee Siu Fung, Tue, Thu, Fri 9:00am – 1:00pm MBChB(CUHK), DCH(IREL) 4:00pm – 8:00pm Shop 8, Yuet Wu Villa, Commercial Block, Tuen Mun Wed, Sat 9:00am – 1:00pm Shop 8, Yue Lake Villa Mall Tuen Mun Sun & PH Closed Tel. : 2618 3203 New Town Medical Centre Thu, Fri 10:00am – 1:00pm Dr. Tang Pui Yee Dr. Pui Yee 3:00pm – 7:00pm MBChB (CUHK) Sat, Sun 10:00am – 1:00pm Shop 214-215, 2/F, New Town Mansion, 2 Tuen Lee Street, Tuen Mun PH 10:00am – 1:00pm Room 214-215, 2F, Xindu Mall, 2nd Floor, Tuen Mun 3:00pm – 6:00pm Tel.

--- Segment 27 ---
Tang Pui Yee 3:00pm – 7:00pm MBChB (CUHK) Sat, Sun 10:00am – 1:00pm Shop 214-215, 2/F, New Town Mansion, 2 Tuen Lee Street, Tuen Mun PH 10:00am – 1:00pm Room 214-215, 2 Tuen Lee Street, Tuen Mun Room 214-215, 2/F, Tuen Mun 3:00pm – 6:00pm Tel. : 2458 3213 By Appointment Only Dr. Ng Yiu Man Dr. Ng Yiu Man Mon – Fri 8:30am – 1:00pm MBChB(CUHK), MRCP(UK) 4:00pm – 8:00pm Shop 3, Commercial Centre, Shan King Estate, Tuen Mun Sat-Sun & PH 8:30am – 12:30pm Shop 3, Mountain View Village Shopping Mall, Tuen Mun Tel. : 2467 7288 Dr. Wong Man Yee Dr. Wong Man Yee Mon – Fri 9:15am – 1:00pm MBChB(CUHK), FRACGP, FHKCFP 3:00pm – 8:00pm Shop 14, G/F, Fat East Consortium Tuen Mun Bldg, 21-43 Castle Peak Rd, Tuen Mun Sat 9:15am – 1:00pm Shop 14, Far East Development Tuen Mun Building, 21-43 Chung Hill Road, Tuen Mun 3:00pm – 6:00pm Tel.

--- Segment 28 ---
Wong Man Yee Dr. Wong Man Yee Mon – Fri 9:15am – 1:00pm MBChB(CUHK), FRACGP, FHKCFP 3:00pm – 8:00pm Shop 14, G/F, Fat East Consortium Tuen Mun Bldg, 21-43 Castle Peak Rd, Tuen Mun Sat 9:15am – 1:00pm Shop 14, Far East Development Tuen Mun Building, 21-43 Chung Hill Road, Tuen Mun 3:00pm – 6:00pm Tel. : 2457 8102, 2457 8103 Dr. Yeu Yue Wai Dr. Rao Ruwei Mon – Fri 9:15am – 1:00pm MBChB 3:00pm – 8:00pm Shop 14, G/F, Fat East Consortium Tuen Mun Bldg, 21-43 Castle Peak Rd, Tuen Mun Sat 9:15am – 1:00pm Floor Shop 14, Far East Development Tuen Mun Building, 21-43 Chung Hill Road, Tuen Mun 3:00pm – 6:00pm Tel. : 2457 8102, 2457 8103 Dr. Yuen Ping Kai Dr. Yuen Ping Kai Mon – Sat 7:00am – 11:30am MBChB(HK), DCH(LOND, IRELAND) 5:30pm – 9:00pm Shop 60, G/F, Lai Po Building, Tuen Mun Sun & PH 8:30am – 1:00pm G/F, 60 Lipo Building, Tuen Mun Tel. : 2450 4521 Town Health - PHC Medical Centre - Kidney Medical Centre Mon – Fri 11:30am – 1:30pm Shop 3, G/F, Fu Tai Shopping Centre, Fu Tai Estate, Tuen Mun 4:00pm – 7:30pm Shop 3, G/F, Futai Shopping Mall, Foot Village, Tuen Mun Sat 11:30am – 1:00pm Tel.

--- Segment 29 ---
: 2450 4521 Town Health - PHC Medical Centre - Kidney Medical Centre Mon – Fri 11:30am – 1:30pm Shop 3, G/F, Fu Tai Shopping Centre, Fu Tai Estate, Tuen Mun 4:00pm – 7:30pm Shop 3, G/F, Fu Tai Shopping Centre, Fu Tai Estate, Tuen Mun 4:00pm Shop 3, G/F, Fu Tai Shopping Centre, Fu Tai Estate, Tuen Mun 4:00pm Shop 3, G/F, Fu Tai Shopping Centre, Fu Tai Estate, Tuen Mun 4:00pm Shop 3, G/F, Fu Tai Shopping Centre, Tuen Mun 4:00pm Shop 3, G/F, Fu Tai Shopping Centre, Tuen Mun 4:00pm Shop 3, G/F, Fu Tai Shopping Centre, Tuen Mun 4:00pm Shop 3, G/F, Tuen Mun Sat 11:30am – 1:00pm Tel. : 3156 1260 Dr. Chow Yam Chung Dr. Chow Yam Chung Mon – Fri 3:30pm – 8:30pm LMCHK Sun 9:00am – 6:00pm Shop 78, G/F, Block 4, Lung Mun Oasis, Lung Mun Road, Tuen Mun Shop 78, G/F, Long Mun Road, Tuen Mun Shop 4, Long Mun House, Long Mun Road, Tuen Mun Tel. : 2449 5118 Dr. Chan Wai Ping Dr. Chan Wai Ping Mon – Fri 8:30am – 1:00pm MBBS(HK U), DFM (Monash), MFM(Monash) 4:00pm – 7:00pm Shop 2, G/F, Commercial Centre Phase 1, Shan King Estate, Tuen Mun Sat, Sun & PH 9:00am – 1:00pm Shop 2, Phase 1, Tuen Mun Mountain View Village Shopping Mall Tel.

--- Segment 30 ---
Chan Wai Ping Dr. Chen Weiping Mon – Fri 8:30am – 1:00pm MBBS(HK U), DFM (Monash), MFM(Monash) 4:00pm – 7:00pm Shop 2, G/F, Commercial Centre Phase 1, Shan King Estate, Tuen Mun Sat, Sun & PH 9:00am – 1:00pm Shop 2, Shop 2, G/F, Commercial Centre Phase 1, Shan King Estate, Tuen Mun Sat, Sun & PH 9:00am – 1:00pm Shop 2, Phase 1, Mountain View Village Shopping Mall, Tuen Mun Tel. : 2466 7272 Dr. Kwok Chi Ki Dr. Kwok Chi Ki Mon – Fri 9:00am – 1:00pm MBBS(HKU), DOM(CUHK) 2:00pm – 8:00pm Shop 42A, G/F, Tuen Mun Paris London New York Shopping Centre, Tuen Mun Sat & PH 9:00am – 1:00pm Shop 42A, G/F, Tuen Mun Paris London New York Cinema Shopping Centre, Tuen Mun, London New York Cinema Shopping Centre, Tuen Mun, Paris, London, Sun 9:00am – 1:00pm Tel. : 2618 6031 Dr. Leung Man Chit Dr. Leung Man Chit Mon – Fri 8:30am – 1:00pm MBChB(CUHK), DFM(CUHK), DFM(Monash), PDipCAH(HK) 2:30pm – 8:00pm Shop A, G/F, On Chuen Building, 6-14 Ming Ngai Street, Tuen Mun Sat 8:30am – 1:00pm Shop A, Shop 6-14 Ming Yi Street, Tuen Mun Shop 2:30pm – 6:00pm Tel. : 2459 2332 Sun & PH 9:00am – 1:00pm 2:30pm – 6:00pm AI Medical Centre Smart Healthcare Center Mon – Fri 9:00am – 6:00pm Shop L231, L2, Leung King Plaza, Tuen Mun Wed & Sat 9:00am – 12:00pm Shop L231, L2F, L2F, L2, Leung King Village Shopping Mall, Tuen Mun Tel.

--- Segment 31 ---
: 2459 2332 Sun & PH 9:00am – 1:00pm 2:30pm – 6:00pm AI Medical Centre 日本新官网 Mon – Fri 9:00am – 6:00pm Shop L231, L2, Leung King Plaza, Tuen Mun Wed & Sat 9:00am – 12:00pm Shop No. 231, L2 Floor, L2, Liang Jing Village Mall, Tuen Mun Tel. : 2156 5801 Dr. Wong Siu Shan Dr. Wong Siu Shan Mon – Fri 8:30am – 1:00pm MBBS(HK), FRACGP, FHKCFP, MScClinGer(CUHK), DFM(CUHK), PDipComPsy(HKU), DCH(Ire), 3:00pm – 8:30pm DPD(Cardiff), DipDerm(Glasg) Sat 8:30am – 1:00pm Shop 17, G/F, Kai Hei Land Building, 385 Castle Peak Road, Tuen Mun 3:00pm – 7:00pm Shop 17, G/F, Kai Hei Land Building, 385 Castle Peak Road, Tuen Mun 3:00pm – 7:00pm Shop 17, G/F, Kashily Building, 385 Chung Shan Road, Tuen Mun Sun & PH 8:30am – 1:00pm Tel.

--- Segment 32 ---
Wong Siu Shan Dr. Huang Xiaoshan Mon – Fri 8:30am – 1:00pm MBBS(HK), FRACGP, FHKCFP, MScClinGer(CUHK), DFM(CUHK), PDipComPsy(HKU), DCH(Ire), 3:00pm – 8:30pm DPD(Cardiff), DipDerm(Glasg) Sat 8:30am – 1:00pm Shop 17, G/F, Kai Hei Land Building, 385 Castle Peak Road, Tuen Mun 3:00pm – 7:00pm Shop 17, G/F, Kashily Building, 385 Ting Shan Road, Tuen Mun Sun & PH 8:30am – 1:00pm Tel. : 2450 6622, 2450 8989 YUEN LONG Dr. Au Yeung Hang Mon, Wed – Sat 10:30am – 1:00pm MBBS(GLASGOW) 3:00pm – 6:00pm Room 401-2, Yuen Long Commercial Centre, 24 Kau Yuk Road, Yuen Long Tue 10:30am – 1:00pm Room 401-2, Yuen Long Business Center, No. 24 Education Road, Yuen Long Sun & PH Closed Tel. : 2477 5522 Dr. Li Chi Yung Dr. Li Chi Yung Mon – Fri 8:30am – 1:00pm MBBS(HK), MRCP(UK), MRCP, DCH(IRELAND), DCH(LOND), M.

--- Segment 33 ---
Li Chi Yung Dr. Li Chi Yung Mon – Fri 8:30am – 1:00pm MBBS(HK), MRCP(UK), MRCP, DCH(IRELAND), DCH(LOND), M. MED(PAED) 3:00pm – 8:00pm Shop 5, G/F, Wang Fung Building, Fau Tsoi Street, Yuen Long Sat 8:30am – 1:00pm Shop 5, G/F, Wang Fung Building, Fau Tsoi Street, Yuen Long 3:00pm – 6:00pm Tel. : 2442 1559 Sun & PH 8:30am – 1:00pm Dr. Chak Chi Wah, Warren Dr. Zhai Cihua Mon – Fri 8:30am – 1:00pm MBBS(HK) 3:30pm – 8:00pm Podium M14, Shek Ping House, Long Ping Estate, Yuen Long Sat-Sun & PH 8:30am – 1:00pm Shipinglou Platform, Long Ping Village, Yuen Long Sat-Sun & PH 8:30am – 1:00pm M14 Tel.

--- Segment 34 ---
Chak Chi Wah, Warren Dr. Zhai Cihua Mon – Fri 8:30am – 1:00pm MBBS(HK) 3:30pm – 8:00pm Podium M14, Shek Ping House, Long Ping Estate, Yuen Long Sat-Sun & PH 8:30am – 1:00pm M14 Tel. : 2475 8988 Dr. Lau Wai Keung Timothy Dr. Liu Weiqiang Mon – Fri 8:30am – 1:30pm MBBS(HK), MRCP(IRELAND), M. MED(SPORE), FRACGP, FHKCFP 3:30pm – 8:00pm Shop B4, G/F, Kar Ho Building, 27 Hong Lok Road, Yuen Long Sat-Sun & PH 8:30am – 1:30pm G/F, Kung Hing Lau, 27 Hong Lok Road, Yuen Long – 1:30pm G/F, Fung Hing Lau, 38A Kau Yuk Road, Yuen Long Sat & Sun 8:30am – 1:00pm G/F, Fengxing Building, No. 38A Education Road, Yuen Long 2:30pm – 6:00pm Tel.

--- Segment 35 ---
Wong Kyin Lin Peter Dr. Wang Jinlin Mon – Fri 8:30am – 1:00pm MBBS(Rang) 2:30pm – 8:00pm G/F, Fung Hing Lau, 38A Kau Yuk Road, Yuen Long Sat & Sun 8:30am – 1:00pm G/F, Fong Hing Lau, Yuen Long Sat & Sun 8:30am – 1:00pm G/F, Fong Kyin Lin Peter Dr. Wang Jinlin Mon – Sun & PH 10:30am – 1:30pm MBBS(HK) 2:30pm – 5:30pm G/F, 2A Hing Fat Building, 11 Yu King Square, Yuen Long 7:30pm – 8:30pm Shop 2A, Xingfa Building, No. 11 Yu Jingfang, Yuen Long Tel. : 2475 2212 No. 7, G/F, Tak Cheung Building, Hung Shui Kiu, Yuen Long Mon – Sat 8:00am – 10:00am G/F, No. 7, Hongshui Bridge, Yuen Long 6:00pm – 7:00pm Tel.

--- Segment 36 ---
7, G/F, Tak Cheung Building, Hung Shui Kiu, Yuen Long Mon – Sat 8:00am – 10:00am G/F, No. 7, Hongshui Bridge, Yuen Long 6:00pm – 7:00pm Tel. : 2447 0606 Sun & PH 8:00am – 10:00am Dr. Yuen Ping Kai Dr. Yuen Ping Kai Mon – Sat 12:00pm – 5:00pm MBChB(CUHK), DCH(LOND, IRELAND) Wed, Sun & PH Closed Shop E, G/F, Tai Lee Building, 63 On Ning Road, Yuen Long Building E, 63 On Ning Road, Yuen Long Tel. : 2442 0750 LIST OF SPECIALISTS List of specialists Preferential Rate Discount HK$380 Cardiology Cardiology Dr.

--- Segment 37 ---
: 2442 0750 LIST OF SPECIALISTS List of specialists Preferential Rate Discounted price HK$380 Cardiology Cardiology Dr. Chiu Chun Wai Dr. Chiu Chun Wai Mon – Fri 11:00am - 1:30pm MBBS(HK), FHKAM(Med), MRCP(UK), FHKCP 3:30pm - 6:00pm 19/F, Oterprise Square, 26 Nathan Road, Tsimshatsui Sat 11:00am - 2:00pm 19th Floor, East Enterprise Plaza, 26 Nathan Road, Tsimshatsui Sat 11:00am - 2:00pm 19th Floor, East Enterprise Plaza, 26 Nathan Road, Tsimshatsui Sat 11:00am - 2:00pm 19th Floor, East Enterprise Plaza, 26 Nathan Road, Tsimshatsui Sat 19th Floor Sun & PH Closed Tel. : 2366 1888 Dr. So Wai Woon Peter Dr. Su Weiyuan Mon – Fri 10:00am - 1:00pm MBBS, FRCP, FHKAM, FHKCP 3:00pm - 6:30pm Room 1705, Hong Kong Pacific Centre, 28 Hankow Road, Tsimshatsui Sat 10:00am - 1:00pm Room 1705, Asia Pacific Centre, 28 Hankow Road, Tsimshatsui Sat 10:00am - 1:00pm Room 1705, Asia Pacific Centre, 28 Hankou Road, Tsimshatsui Sat 10:00am - 1:00pm Room 1705, Asia Pacific Centre, 28 Hankou Road, Tsimshatsui Sat.

--- Segment 38 ---
So Wai Woon Peter Dr. Su Weiyuan Mon – Fri 10:00am - 1:00pm MBBS, FRCP, FHKAM, FHKCP 3:00pm - 6:30pm Room 1705, Hong Kong Pacific Centre, 28 Hankow Road, Tsimshatsui Sat 10:00am - 1:00pm Room 1705, Asia Pacific Centre, 28 Hankou Road, Tsimshatsui Sat 10:00am - 1:00pm Room 1705, Asia Pacific Centre, 28 Hankou Road, Tsimshatsui Sat 1705, Asia Pacific Centre, 28 Hankou Road, Tsimshatsui Sat 1705, Asia Pacific Centre, 28 Hankou Road, Tsimshatsui Sat 1705, Asia Pacific Centre, 28 Hankou Road, Tsimshatsui Sat 1705, Asia Pacific Centre, 28 Hankou Road, Tsimshatsui Sat 1705, Asia Pacific Centre, 28 Hankou Road, Tsimshatsui Sat 1705, Asia Pacific Centre, 28 Hankou Road, Tsimshatsui Sat 1705, Asia Pacific Centre, 28 Hankou Road, Tsimshatsui Sat 1705, Asia Pacific Centre, 28 Hankou Road, Tsimshatsui Sat 1705, Asia Pacific Centre, Tsimshatsui Sat 28 Hankou Road, Tsimshatsui Sat 1705, Asia Pacific Centre, Tsimshatsui Sat 28 Hankou Road, Tsimshatsui Sat 1705, Asia Pacific Centre, Tsimshatsui Sat 28 Hankou Road, Tsimshatsui Sat 2 – 1:30pm Dr. Li Cho Shan 4:00pm – 7:30pm MBBS(HK), FHKCP, FHKAM(Medicine), MRCP(UK) Sat 11:30am – 1:00pm Shop 3, G/F, Fu Tai Shopping Centre, Fu Tai Estate, Tuen Mun Shop 3, G/F, Fu Tai Shopping Centre, Fu Tai Estate, Tuen Mun Shop 3, G/F, Fu Tai Shopping Centre, Tuen Mun Tel. : 3156 1260 PolyHealth Specialists Centre Dr.

--- Segment 39 ---
: 3156 1260 PolyHealth Specialists Centre Dr. Li Cho Shan MBBS(HK), FHKCP, FHKAM(Medicine), MRCP(UK) Shop 102A, 103A, 103E, 105A, 1/F, Star House, 3 Salisbury Road, Tsim Sha Tsui Mon – Sat 9:00am - 7:00pm Shop 102A, 103A, 103E, 105A, 1/F, Star House, 3 Salisbury Road, Tsim Sha Tsui Mon – Sat 9:00am - 7:00pm Shop 102A, 103A, 103E, 105A, 1/F, Star House, 3 Salisbury Road, Tsim Sha Tsui Sun & PH Closed Tel. : 2117 0838 Shop B01b, Park Central, 9 Tong Tak Street, Tseung Kwan O Mon – Sun 9:00am - 8:00pm Tseung Kwan O Central Shopping Mall Ground No. 9 Tang Tak Street, Tseung Kwan O Shop B01b Tel.

--- Segment 40 ---
: 2117 0838 Shop B01b, Park Central, 9 Tong Tak Street, Tseung Kwan O Mon – Sun 9:00am - 8:00pm Shop B01b, Tseung Kwan O Centre Shopping Mall No. 9 Tang Tak Street, Tseung Kwan O Shop B01b Tel. : 3417 4803 Dermatology Dr. Fung Chi Wing Dr. Fung Chi Wing Mon, Tue, Wed, Fri 10:00am - 1:00pm MBBS (HK), MRCP (UK), Dip Derm (Lond), Dip G -UM (LAS), FHKAM (Medicine), FHKCP, FRCP (Glasg) 3:00pm - 6:30pm Room 701, Championship Building, 301-309 Nathan Road, Jordan Thu 10:00am - 1:00pm Room 701, Guest Commercial Building, 301-309 Nathan Road, Jordan Thu Room 701, Guest Commercial Building, 301-309 Nathan Road, Jordan Sat 10:00am - 1:00pm Tel.

--- Segment 41 ---
Fung Chi Wing Dr. Fung Chi Wing Mon, Tue, Wed, Fri 10:00am - 1:00pm MBBS (HK), MRCP (UK), Dip Derm (Lond), Dip G -UM (LAS), FHKAM (Medicine), FHKCP, FRCP (Glasg) 3:00pm - 6:30pm Room 701, Championship Building, 301-309 Nathan Road, Jordan Thu 10:00am - 1:00pm Room 701, Guest Commercial Building, 301-309 Nathan Road, Jordan Thu 10:00am - 1:00pm Tel. : 2332 0303 3:00pm - 5:00pm Sun & PH Closed Ear, Nose & Throat Surgery Otolaryngology Dr. Au Wing Wah Dr. Yuenhua Mon – Fri 10:00am - 1:00pm MBBS(HK), FRCSE, FRCS(G LAS), DLD(ENG), FHKAM(ENT), FHKORL 3:00pm - 6:30pm Room 605, Championship Building. , 301-309 Nathan Road, Jordan Thu 10:00am - 1:00pm Room 605, Guest Commercial Building, 301-309 Nathan Road, Jordan Sat 10:00am - 1:00pm Tel.

--- Segment 42 ---
, 301-309 Nathan Road, Jordan Thu 10:00am - 1:00pm Room 605, Guest Commercial Building, 301-309 Nathan Road, Jordan Thu 10:00am - 1:00pm Tel. : 2332 3801 3:00pm - 5:00pm Sun & PH Closed Dr. Chu Kwan Ling, Henri Dr. Chu Kwan Ling Mon – Sat 10:00am - 1:00pm MBBS(HK), FR CS(Glas. ), DLORCS(Ire), FHKAM(Otorhinolaryngology) (except Wed) 3:00pm - 6:30pm Room 703C, Phase 1, Argyle Centre, 688 Nathan Road, Mongkok Wed 10:00am - 1:00pm Room 703C, Mongkok Centre, 688 Nathan Road, Mongkok Sun & PH Closed Tel.

--- Segment 43 ---
), DLORCS(Ire), FHKAM(Otorhinolaryngology) (except Wed) 3:00pm - 6:30pm Room 703C, Phase 1, Argyle Centre, 688 Nathan Road, Mongkok Wed 10:00am - 1:00pm Room 703C, 688 Nathan Road, Mongkok Sun & PH Closed Tel. : 2399 0338 Dr. Liu Kwok Chung Dr. Liao Guozhong Mon, Wed, Fri 12:30pm – 4:30pm MBCHB(BIRM), FRCS(EDIN), DLO(LOND), FHKAM(Otorhinolaryngology) Tue 12:30pm – 1:30pm Room 508, Prince's Building, Central Thu, Sat, Sun & PH Closed Room 508, Prince's Building, 10 Chater Road, Sat, Sun & PH Closed Room 508, Prince's Building, 10 Chater Road, Central Tel. : 2522 8989 Dr. To Shing Howe Dr. Du Chenghao Mon – Fri 10:00am – 1:00pm MBBS(HK), DipClinDerm(Lond), MRCS(Ed), FRCSEd(ORL), FHKCORL, FHKAM(ORL) 2:30pm – 6:30pm 22/F, Hing Wai Building, 36 Queen’s Road Central, Central Sat 10:00am – 1:00pm 22nd Floor, Xingwei Building, 36 Queen’s Road Central, Central Sun & PH Closed Tel.

--- Segment 44 ---
To Shin Howe Dr. Du Chenghao Mon – Fri 10:00am – 1:00pm MBBS(HK), DipClinDerm(Lond), MRCS(Ed), FRCSEd(ORL), FHKCORL, FHKAM(ORL) 2:30pm – 6:30pm 22/F, Hing Wai Building, 36 Queen’s Road Central, Central Sat 10:00am – 1:00pm 22/F, Xingwei Building, 36 Queen’s Road Central, Central Sun & PH Closed Tel. : 2618 8061 PolyHealth Specialists Centre Dr. Chow Chi Wai, Kelvin Dr. Chow Chi Wai MBBS (HK), MRCSEd, FRCSEd (Orl), FHKCORL, FHKAM (Otorhinoloaryngology) Shop 102A, 103A, 103E, 105A, 1/F, Star House, 3 Salisbury Road, Tsim Sha Tsui Mon – Sat 9:00am – 7:00pm Shop 102A, 103A, 103E, 105A, 1/F, Star House, 3 Salisbury Road, Tsim Sha Tsui Mon – Sat 9:00am – 7:00pm Shop 102A, 103A, 103E, 105A, 1/F, Sun & PH Closed Tel.

--- Segment 45 ---
Chow Chi Wai, Kelvin Dr. Chow Chow MBBS (HK), MRCSEd, FRCSEd (Orl), FHKCORL, FHKAM (Otorhinoloaryngology) Shop 102A, 103A, 103E, 105A, 1/F, Star House, 3 Salisbury Road, Tsim Sha Tsui Mon – Sat 9:00am – 7:00pm Shop 102A, 103A, 103E, 105A, 1/F, Star House, 3 Salisbury Road, Tsim Sha Tsui Mon – Sat 9:00am – 7:00pm Shop 102A, 103A, 103E, 105A, 1/F, Sun & PH Closed Tel. : 2117 0838 Shop B01b, Park Central, 9 Tong Tak Street, Tseung Kwan O Mon – Sat 9:00am - 7:00pm Shop B01b Sun & PH Closed Tel. : 3417 4803 PolyHealth Specialists Centre Dr. Lam Hoi Ching Dr. Lam Hoi Ching MBBS (HK), MRCSEd, FRCSEd (Orl), FHKCORL, FHKAM (Otorhinoloaryngology ) Shop 102A, 103A, 103E, 105A, 1/F, Star House, 3 Salisbury Road, Tsim Sha Tsui Mon – Sat 9:00am - 7:00pm Shop 102A, 103A, 103E, 105A, 1F, Sun & PH Closed Tel.

--- Segment 46 ---
Lam Hoi Ching Dr. Lan Haoqing MBBS (HK), MRCSEd, FRCSEd (Orl), FHKCORL, FHKAM (Otorhinoloaryngology) Shop 102A, 103A, 103E, 105A, 1/F, Star House, 3 Salisbury Road, Tsim Sha Tsui Mon – Sat 9:00am - 7:00pm Shop 102A, 103A, 103E, 105A, 1/F, Star House, 3 Salisbury Road, Tsim Sha Tsui Mon – Sat 9:00am - 7:00pm Shop 102A, 103A, 103E, 105A, 1/F, Sun & PH Closed Tel. : 2117 0838 Human Health Medical Centre 日本新新新新新新新新新新新新新新新新新新新新新新新新新新新新新新新新新新新新新新新新新新新新新新新新新新新新新新新新新新新新新新新新新新新新新新新新新新新新新新新新新新新新新新新新新新新新新新新新新新新新新新新新新新新新新新新新新新新新新新新新新新新新新新新新新新新新新新新新新新新新新新新新新新新新新新新新新新新新新新新新新新新新新新� Endocrinology and Diabetes Dr.

--- Segment 47 ---
: 2473 0881 Endocrinology, Diabetes & Metabolism Dr. Cheung Wai Shing Dr. Cheung Wai Shing Mon – Fri 9:30am - 1:00pm MBChB(CUHK), MRCP, FHKAM(Med) 2:30pm - 6:00pm Room 1201, 12/F, Champion Building, 301-309 Nathan Road, Jordan Sat 9:30am - 1:00pm Room 1201, 301-309 Nathan Road, Jordan Sat Room 1201, 301-309 Nathan Road, Jordan Sat Room 1201, Guest Commercial Building, 301-309 Nathan Road, Jordan Sat Room 1201, Sun & PH Closed Tel: 2781 2877 Gastroenterology & Hepatology Dr. Lam Chi Wan Edwin Dr. Ziyun Lin Mon – Fri 10:00am - 1:00pm MBBS(HK), FHKAM(Med), FIM(Royal College of Physicians of Canada), 3:00pm - 6:00pm Dip loma American Board of Internal Medicine (Internal Medicine & Gastroenterology) Wed & Sat 10:00am - 1:00pm Room 1002, 10/F, Central Building, 1 Pedder Street, Central Sun & PH Closed Room 1002, 10/F, China Construction Building, No. 1 Pedder Street, Central Tel: 2157 1111 Dr. Cheng Wing Yee Dr. Yingyi Cheng Mon-Fri 10:00am - 1:00pm MBChB(CUHK), FHKAM(Medicine) 3:00pm - 6:00pm Room 1002, 10/F, Central Building, 1 Pedder Street, Central Wed & Sat 10:00am - 1:00pm Room 1002, 10th Floor, China Construction Building, No. 1 Sun & PH Closed Tel: 2157 1111 Dr.

--- Segment 48 ---
Cheng Wing Yee Dr. Cheng Wing Yee Mon-Fri 10:00am - 1:00pm MBChB(CUHK), FHKAM(Medicine) 3:00pm - 6:00pm Room 1002, 10/F, Central Building, 1 Pedder Street, Central Wed & Sat 10:00am - 1:00pm Room 1002, 10/F, Central Building, Room 1002, 10/F, Central Building, Sun & PH Closed Tel: 2157 1111 Dr. Yiu Chi Him Dr. Yao Zhiqian Mon, Wed, Fri 9:30am - 1:30pm MBBS, MRCP(UK), FHKCP, FHKAM(Med) 3:30pm - 7:30pm Room 501, Grand Centre, 8 Humphreys Avenue, Tsimshatsui Room 501, Grand Centre, 8 Kanfulis Road, Tsimshatsui Tel. : 2356 8080 Dr. Ho Hung Kwong Dr. Ho Hong Kwang Mon-Fri 10:00am - 1:00pm MBBS (HK), FHKAM (Medicine), MRCP(UK), FHKCP 3:00pm - 6:00pm Room 1002, 10/F, Central Building, 1 Pedder Street, Central Wed & Sat 10:00am - 1:00pm Room 1002, 10th Floor, China Construction Building, No. 1 Pedder Street, Central Sun & PH Closed Tel: 2157 1111 PolyHealth Specialists Centre Dr.

--- Segment 49 ---
Ho Hung Kwong Dr. Ho Hongguang Mon-Fri 10:00am - 1:00pm MBBS (HK), FHKAM (Medicine), MRCP (UK), FHKCP 3:00pm - 6:00pm Room 1002, 10/F, Central Building, 1 Pedder Street, Central Wed & Sat 10:00am - 1:00pm Room 1002, 10/F, Central Building, 1 Pedder Street, Central Sun & PH Closed Tel: 2157 1111 PolyHealth Specialists Centre Dr. Chan Wai Hong Dr. Chen Weikang MBChB(CUHK), MRCP(UK), FHKAM(Medicine), FHKCP, FHKCFP, FRACGP, DCH(Ireland), DPD(Cardiff), PDipComPsychMed(HK), DFM(HKCFP), Clinical Tutor (honorary), in Family Medicine (CUHK) Shop 102A, 103A, 103E, 105A, 1/F, Star House, 3 Salisbury Road, Tsim Sha Tsui Mon – Sat 9:00am - 7:00pm Shop 102A, 103A, 103E, 105A, Shop 3, Sushibali Road, Tsim Sha Tsui Shop Sun & PH Closed Tel.

--- Segment 50 ---
Chan Wai Hong Dr. Chan Wai Hong MBChB(CUHK), MRCP(UK), FHKAM(Medicine), FHKCP, FHKCFP, FRACGP, DCH(Ireland), DPD(Cardiff), PDipComPsychMed(HK), DFM(HKCFP), Clinical Tutor (honorary), in Family Medicine (CUHK) Shop 102A, 103A, 103E, 105A, 1/F, Star House, 3 Salisbury Road, Tsim Sha Tsui Mon – Sat 9:00am - 7:00pm Shop B01b, Park Central, 1st Floor, Starlight Road, Tsim Sha Tsui Sun & PH Closed Tel. : 2117 0838 Shop B01b, Park Central, 9 Tong Tak Street, Tseung Kwan O Mon – Sat 9:00am – 8:00pm Shop B01b Shop B01b Shop B01b Sun & PH Closed Tel. : 3417 4803 PolyHealth Specialists Centre Dr. Tong Wai Hung Raymond Dr. Tsim Weixiong MBBS(HK), FHKCP, MRCP(UK), FHKAM(Medicine) Shop 102A, 103A, 103E, 105A, 1/F, Star House, 3 Salisbury Road, Tsim Sha Tsui Mon – Sat 9:00am - 7:00pm Shop 102A, 103A, 103E, 105A, 1/F, Star House, 3 Salisbury Road, Tsim Sha Tsui Sun & PH Closed Tel.

--- Segment 51 ---
Tong Wai Hung Raymond MBBS(HK), FHKCP, MRCP(UK), FHKAM(Medicine) Shop 102A, 103A, 103E, 105A, 1/F, Star House, 3 Salisbury Road, Tsim Sha Tsui Mon – Sat 9:00am - 7:00pm Shop 102A, 103A, 103E, 105A, 1/F, Star House, 3 Salisbury Road, Tsim Sha Tsui Mon – Sat 9:00am - 7:00pm Shop 102A, 103A, 103E, 105A, 1/F, Sun & PH Closed Tel. : 2117 0838 Shop B01b, Park Central, 9 Tong Tak Street, Tseung Kwan O Mon – Sat 9:00am – 8:00pm Shop B01b, Tseung Kwan O Centre Shopping Center, No. 9 Tang Tak Street, Tseung Kwan O Sun & PH Closed Tel. : 3417 4803 G/F, 126 Shau Kei Wan Road, Sai Wan Ho Tue – Sat 9:00am – 7:00pm Shop 126 Shau Kei Wan Road, Sai Wan Ho Tue Mon, Sun & PH Closed Tel. : 2882 9830 General Surgery IMS Institute of Medical Specialists Kanghui Medical Center Mon – Fri 10:00am - 12:00pm Dr.

--- Segment 52 ---
: 2882 9830 General Surgery IMS Institute of Medical Specialists Mon – Fri 10:00am - 12:00pm Dr. Fung Shu Yan, Anthony 4:00pm - 6:00pm MB, B Chir (Cantab), FRCSEd, FCSHK, FHKAM (Surgery), MBA (Healthcare) Sat 10:00am - 12:30pm 19/F, Sino Cheer Plaza, 23-29 Jordan Road, Kowloon Sun & PH Closed 19th Floor, Xinbao Plaza, 23-29 Jordan Road, Kowloon Tel. : 8206 6993 Dr. Leung Hay Yin Dr. Leung Hee Ran Mon – Fri 10:00am – 1:00pm MBBS(HK), FRCS(Edin), FRCS(Glasg), FHKAM(Surgery) 3:00pm – 6:00pm Room 1117, Argyle Centre Phase 1, 688 Nathan Road, Mongkok Sat 10:00am – 3:00pm Room 1117, Mongkok Centre, 688 Nathan Road, Mongkok Sat 10:00am – 3:00pm Room 1117, Mongkok Centre, 688 Nathan Road, Mongkok Sat 10:00am – 3:00pm Room 1117, Mongkok Centre, 688 Nathan Road, Mongkok Sun & PH Closed Tel: 2398 1788 Dr.

--- Segment 53 ---
Leung Hay Yin Dr. Leung Hee Ran Mon – Fri 10:00am – 1:00pm MBBS(HK), FRCS(Edin), FRCS(Glasg), FHKAM(Surgery) 3:00pm – 6:00pm Room 1117, Argyle Centre Phase 1, 688 Nathan Road, Mongkok Sat 10:00am – 3:00pm Room 1117, Mongkok Centre, 688 Nathan Road, Mongkok Sat 10:00am – 3:00pm Room 1117, Mongkok Centre, 688 Nathan Road, Mongkok Sun & PH Closed Tel: 2398 1788 Dr. Chow Tak Wai Dr. Chow Tak Wai Mon – Fri 10:00am – 6:30pm MBBS (HK), FRCSEd (Gen), FCSHK, FHKAM (Surgery) Sat 10:00am – 1:30pm Suite 1801, 18/F, Hong Kong Pacific Centre, 28 Hankow Road, Tsim Sha Tsui Sun & PH Closed Room 1801, 28 Hankow Road, Tsim Sha Tsui Sun & PH Closed Room 1801, 28 Hankou Road, Tsim Sha Tsui Room 1801, 28 Hankou Road, Tsim Sha Tsui Room 1801, 2385 8998 Dr. Lo Siu Fai Dr. Lo Siu Fai Mon – Fri 10:00am – 1:00pm MBBS(HK), FRCS(Ed) , FCSHK, FACS, FRCSEd(Gen) , FHKAM(Surgery) , MSc(Health and Hosp Mgt)(Birm) 3:00pm - 6:00pm Room 1702, 17/F, Hong Kong Pacific Centre, 28 Hankow Road, TST Sat 10:00am - 1:00pm Room 1702, 28 Hankou Road, Tsim Sha Tsui, Room 1702, 17th Floor, Asia Pacific Centre, 28 Hankou Road, Tsim Sha Tsui Sun & PH Closed Tel.

--- Segment 54 ---
Lo Siu Fai Dr. Luo Zhaohui Mon – Fri 10:00am - 1:00pm MBBS(HK) , FRCS(Ed), FCSHK, FACS, FRCSEd(Gen) , FHKAM(Surgery), MSc(Health and Hosp Mgt)(Birm) 3:00pm - 6:00pm Room 1702, 17/F, Hong Kong Pacific Centre, 28 Hankow Road, TST Sat 10:00am - 1:00pm Room 1702, 28 Hankow Road, TST Sat 10:00am - 1:00pm Room 1702, 28 Hankou Road, Tsim Sha Tsui Sun & PH Closed Tel. : 2384 1328 Dr. Yu Kam Yuen, Joseph Dr. Yu Jinyuan Mon, Tue, Thu, Fri 9:30am - 1:00pm MBBS(HK), FRCS(EDINBURGH), FACS(USA), FHKAM, FHKCS 3:00pm - 6:00pm Room 1011-1016, 10/F, H Zentre, 15 Middle Road, Tsim Sha Tsui Wed 9:30am - 1:00pm Room 1011-1016, 10/F, H Zentre, 15 Middle Road, Tsim Sha Tsui Wed 9:30am - 1:00pm Room 1011-1016, 15 Middle Road, Tsim Sha Tsui 3:00pm - 5:00pm Tel. : 2384 7062, 2384 7063 Sat 3:00pm - 5:00pm Sun & PH Closed Dr.

--- Segment 55 ---
: 2384 7062, 2384 7063 Sat 3:00pm - 5:00pm Sun & PH Closed Dr. Lee Kin Wan, Kenneth Dr. Lee Kin Wan Mon – Fri 10:00am - 1:00pm MBBS(HK), FRCS( Glas), FCSHK, FHKAM (Surgery) 3:00pm - 6:00pm Room 1110, Hang Shin Building, 363 Nathan Road, Jordan Room 1110, Heng Sung Building, 363 Nathan Road, Jordan Room 1110, Heng Sung Building, 363 Nathan Road, Jordan Room 1110, 363 Nathan Road, Jordan Room 1110, 2771 1733 Dr. Siu Pui Sing Dr. Xiao Peicheng Mon – Fri 9:00am – 12:30pm MBBS(HK), FRCS(Edin), FHKAM(Surgery), FCSHK 2:30pm – 5:30pm Unit A, 16/F, Wing On Building, 5 Wing Lok Street, Sheung Wan Sat 9:00am – 12:30pm Room A, 16th Floor, Yong'anxiang Building, No. 5 Yongle Street, Sheung Wan Sat 9:00am – 12:30pm Room A, 16th Floor, Yong'anxiang Building, No. 5 Yongle Street, Sheung Wan Sun & PH Closed Tel.

--- Segment 56 ---
Siu Pui Sing Dr. Xiao Peicheng Mon – Fri 9:00am – 12:30pm MBBS(HK), FRCS(Edin), FHKAM(Surgery), FCSHK 2:30pm – 5:30pm Unit A, 16/F, Wing On Building, 5 Wing Lok Street, Sheung Wan Sat 9:00am – 12:30pm Room A, 16th Floor, Yong'anxiang Building, No. 5 Yongle Street, Sheung Wan Sat Sun & PH Closed Tel. : 2850 6610 PolyHealth Specialists Centre Jianhui Specialist Center Mon – Sat 9:00am - 7:00pm Dr. Poon Mimi Sun & PH Closed MBChB (CUHK), PDPH (CUHK), FRCSEd, FRCSEd (Gen), FCSHK, FHKAM (Surgery) Shop 102A, 103A, 103E, 105A, 1/F, Star House, 3 Salisbury Road, Tsim Sha Tsui Shop 102A, 103A, 103E, 105A, 1/F, Star House, 3 Salisbury Road, Tsim Sha Tsui Shop 102A, 103A, 103E, 105A, 1/F, Star House, 3 Salisbury Road, Tsim Sha Tsui Shop 102A, 103A, 103E, 105A, 1/F, Star House, 3 Salisbury Road, Tsim Sha Tsui Shop 102A, 103A, 103E, 105A, 1/F, Tel.

--- Segment 57 ---
Poon Mimi Sun & PH Closed MBChB (CUHK), PDPH (CUHK), FRCSEd, FRCSEd (Gen), FCSHK, FHKAM (Surgery) Shop 102A, 103A, 103E, 105A, 1/F, Star House, 3 Salisbury Road, Tsim Sha Tsui Shop 102A, 103A, 103E, 105A, 1/F, Star House, 3 Salisbury Road, Tsim Sha Tsui Shop 102A, 103A, 103E, 105A, 1/F, Star House, 3 Salisbury Road, Tsim Sha Tsui Shop 102A, 103A, 103E, 105A, 1/F, Shop, Tsim Sha Tsui Shop 102A, 103A, 103E, 105A, 105A, 1/F, Salisbury Road, Tsim Sha Tsui Shop 102A, 103A, 103E, 105A, 105A, 105A, 10:00am - 1:00pm MBChB (CUHK), FHKAM (Surgery), MRCSEd, FCSHK, FRCSEd(Gen) 3:00pm - 6:00pm Room 1002, 10/F, Central Building, 1 Pedder Street, Central Wed & Sat 10:00am - 1:00pm Room 1002, 10/F, Central Building, Sun & PH Closed Tel: 2157 1111 PolyHealth Specialists Centre Mon – Fri 9:30am - 6:30pm Dr.

--- Segment 58 ---
Ng Ching Dr. Wu Jing Mon-Fri 10:00am - 1:00pm MBChB (CUHK), FHKAM (Surgery), MRCSEd, FCSHK, FRCSEd(Gen) 3:00pm - 6:00pm Room 1002, 10/F, Central Building, 1 Pedder Street, Central Wed & Sat 10:00am - 1:00pm Room 1002, 10/F, Central Building, 1 Pedder Street, Central Sun & PH Closed Tel: 2157 1111 PolyHealth Specialists Centre – Fri 9:30am - 6:30pm Dr. Chan Wing Hong Sat 9:30am – 1:30pm MBChB (CUHK), FRCSEd, FCSHK, FHKAM (Surgery), Honorary Clinical Assistant Professor, Sun & PH Closed Department of Surgery, HKU, Clinical Assistant Professor (Honorary), Department of Surgery, CUHK Shop 102A, 103A, 103E, 105A, 1/F, Star House, 3 Salisbury Road, Tsim Sha Tsui Shop No. 102A, 103A, 103E, 105A, Salisbury Road, Tsim Sha Tsui Shop No. 3 Starlight Road, Tel.

--- Segment 59 ---
Chan Wing Hong Sat 9:30am – 1:30pm MBChB (CUHK), FRCSEd, FCSHK, FHKAM (Surgery), Honorary Clinical Assistant Professor, Sun & PH Closed Department of Surgery, HKU, Clinical Assistant Professor (Honorary), Department of Surgery, CUHK Shop 102A, 103A, 103E, 105A, 1/F, Star House, 3 Salisbury Road, Tsim Sha Tsui Shop 102A, 103A, 103E, 105A, 1F, Shop B01b, Shop B01b, 3 Shop B01b, Park Central, 9 Tong Tak Street, Tseung Kwan O Mon – Sun 9:00am – 8:00pm Shop B01b, Tseung Kwan O Centre Shopping Center, No. 9 Tang Tak Street, Tseung Kwan O Tseung Kwan O Tel. : 3417 4803 PolyHealth Specialists Centre Dr. Yeung Yun Ting Eunice Dr. Yeung Yun Ting Eunice MBChB (CUHK), FRCSEd, FCSHK, FHKAM (Surgery) Shop 102A, 103A, 103E, 105A, 1/F, Star House, 3 Salisbury Road, Tsim Sha Tsui Mon – Fri 9:30am - 6:30pm Shop No. 3 Starlight Road, Shine, Tsim Sha Tsui Shop No. 102A, 103A, 103E, 105A, Sat 9:30am – 1:30pm Tel.

--- Segment 60 ---
Yeung Yun Ting Eunice Dr. MBChB (CUHK), FRCSEd, FCSHK, FHKAM (Surgery) Shop 102A, 103A, 103E, 105A, 1/F, Star House, 3 Salisbury Road, Tsim Sha Tsui Mon – Fri 9:30am - 6:30pm Shop No. 102A, 103A, 103E, 105A, 1/F, Star House, 3 Salisbury Road, Tsim Sha Tsui Mon – Fri 9:30am - 1:30pm Shop No. 3 Shop B01b, Park Central, 9 Tong Tak Street, Tseung Kwan O Mon – Sun 9:00am – 8:00pm Shop B01b, Tseung Kwan O Centre Shopping Center, No. 9 Tang Tak Street, Tseung Kwan O Shop B01b, Tseung Kwan O Tseung Kwan O Tel. : 3417 4803 G/F, 126 Shau Kei Wan Road, Sai Wan Ho Wed, Fri, Sat 9:00am – 7:00pm Shop 126 Shau Kei Wan Road, Sai Wan Ho Wat Tel. : 2882 9830 Shop 4, G/F, Kan Yip Building, 229 Castle Peak Road, Yuen Long Mon – Sat 9:00am – 6:30pm Shop 4, G/F, Qinye Building, No. 229, Yuen Long Tel.

--- Segment 61 ---
: 2882 9830 Shop 4, G/F, Kan Yip Building, 229 Castle Peak Road, Yuen Long Mon – Sat 9:00am – 6:30pm Shop 4, G/F, Qinye Building, No. 229 Qingshan Road, Yuen Long Tel. : 2473 0881 Haematology & Haematological Oncology Department of Blood and Hematologic Oncology Dr. Ma Shing Yan Dr. Ma Chengen Mon – Fri 10:00am – 1:00pm MBBS(HK), MRCP(UK), FHKAM(Medicine), FHKCP, PDipID 4:00pm – 6:30pm Suites 1715, 17/F, Hang Lung Centre, 2-20 Paterson Street, Causeway Bay Sat 10:00am – 1:00pm Room 1715, 17th Floor, Hang Lung Centre, 2-20 Paetson Street, Causeway Bay Sun & PH Closed Tel.

--- Segment 62 ---
Ma Shing Yan Dr. Ma Shing-en Mon – Fri 10:00am – 1:00pm MBBS(HK), MRCP(UK), FHKAM(Medicine), FHKCP, PDipID 4:00pm – 6:30pm Suites 1715, 17/F, Hang Lung Centre, 2-20 Paterson Street, Causeway Bay Sat 10:00am – 1:00pm Room 1715, 2-20 Paetson Street, Causeway Bay Sun & PH Closed Tel. : 2104 2018 Internal Medicine Dr. Lee Ping Kwong Dr. Lee Ping Kwong Mon, Fri 3:00pm – 6:00pm MBBS(HK), MRCP(UK), FHKCP, FHKAM(Medicine) Wed, Thu 11:00am – 1:00pm Room 1302, Phase 1, Argyle Centre, 688 Nathan Road, Mongkok Sat 11:00am – 3:00pm Room 1302, Mongkok Centre, 688 Nathan Road, Mongkok Sat 11:00am – 3:00pm Room 1302, Mongkok Centre, 688 Nathan Road, Mongkok Sat 11:00am – 3:00pm Room 1302, Mongkok Centre, 688 Nathan Road, Mongkok Tue, Sun & PH Closed Tel. : 2381 7868 By Appointment Only Please make an appointment Dr.

--- Segment 63 ---
: 2381 7868 By Appointment Only Please make an appointment Dr. Shek Siu Tai Dr. Shi Zhaotai Mon – Fri 10:00am – 1:00pm MBBS(HK), MRCP(UK) FRCP(Edin), FHKCP, FHKAM(MEDICINE) 3:00pm – 7:00pm Room 1008, Championship Building, 301-309 Nathan Road, Jordan Sat 10:00am – 3:30pm Room 1008, Guest Commercial Building, 301-309 Nathan Road, Jordan Sat Room 1008, Guest Commercial Building, 301-309 Nathan Road, Jordan Sat Room 1008, PH Closed Tel. : 2780 6313 Neurology IMS Institute of Medical Specialists Mon – Sat 10:00am - 1:00pm Dr.

--- Segment 64 ---
: 2780 6313 Neurology IMS Institute of Medical Specialists Mon – Sat 10:00am - 1:00pm Dr. Lo Man Wai 3:00pm - 6:30pm MBChB(CUHK) , MRCP(UK), MPH(CUHK), FHKCP, FHKAM(Medicine) Sun & PH Closed 19/F, Sino Cheer Plaza, 23-29 Jordan Road, Kowloon 19th Floor, Xinbao Plaza, 23-29 Jordan Road, Kowloon Tel. : 3622 1628 Obstetrics & Gynaecology Obstetrics and Gynecology Dr. Fok Lai Ling, Nancy Dr. Fok Lai Ling Mon, Tue, Fri 10:00am – 1:00pm MBBS(HK), FRCOG(UK), FHKAM(O & G) 3:00pm – 6:00pm Room 1210, Hong Kong Pacific Centre, 28 Hankow Road, Tsimshatsui Wed, Thu, Sat 10:00am – 1:00pm Room 1210, Asia Pacific Centre, 28 Hankou Road, Tsimshatsui Wed, Thu, Sat 10:00am – 1:00pm Room 1210, Asia Pacific Centre, 28 Hankou Road, Tsimshatsui Wed, Thu, Sat 10:00am – 1:00pm Room 1210, Asia Pacific Centre, 28 Hankou Road, Tsimshatsui PH Closed Tel.

--- Segment 65 ---
Fok Lai Ling, Nancy Dr. Ho Liling Mon, Tue, Fri 10:00am – 1:00pm MBBS(HK), FRCOG(UK), FHKAM(O & G) 3:00pm – 6:00pm Room 1210, Hong Kong Pacific Centre, 28 Hankow Road, Tsimshatsui Wed, Thu, Sat 10:00am – 1:00pm Room 1210, Asia Pacific Centre, 28 Hankou Road, Tsimshatsui Wed, Thu, Sat 10:00am – 1:00pm Room 1210, Asia Pacific Centre, 28 Hankou Road, Tsimshatsui, Tsimshatsui, Tsimshatsui, Tsimshatsui, Tsimshatsui, Tsimshatsui, Tsimshatsui, Tsimshatsui, Tsimshatsui, Tsimshatsui, Tsimshatsui, Tsimshatsui, Tsimshatsui, Tsimshatsui, Tsimshatsui, Tsimshatsui, Tsimshatsui, Tsimshatsui, Tsimshatsui, Tsimshatsui, Tsimshatsui, Tsimshatsui, Tsimshatsui, Tsimshatsui, Tsimshatsui, Tsimshatsui, Tsimshatsui, Tsimshatsui, Tsimshatsui, Tsimshatsui, Tsimshatsui, Tsimshatsui, Tsimshatsui, Tsimshatsui, Tsimshatsui, Tsimshatsui, Tsimshatsui, Tsimshatsui, Tsimshatsui, Tsimshatsui, Tsimshatsui, Tsimshatsui, Tsimshatsui, Tsimshatsui, Tsimshatsui, Tsimsha Dr. Lin Xiaojie Mon, Tue, Thu, Fri 11:30am – 5:00pm MBBS(HK), MRCOG(UK), FHKAM(O&G), MHKCOG Wed & Sat 11:30am – 1:00pm Room 1212, Melbourne Plaza, 33 Queen’s Road Central, Central Sun & PH Closed Room 1212, Wanbangxing, No. 33 Queen’s Road Central Tel. : 2869 1688 Dr. Tang Yuen Chiu Dr. Tang Yuanzhao Mon – Tue, Thu – Fri 10:30am – 2:00pm MBBS, MRCOG, FRCOG, FHKAM, FHKCOG 4:00pm – 7:00pm Room 801, Hang Shing Building, 363-373 Nathan Road, Jordan Wed 10:30am – 2:00pm Room 801, Heng Cheng Building, 363-373 Nathan Road, Jordan Wed 10:30am – 4:00pm Tel.

--- Segment 66 ---
Tang Yuen Chiu Dr. Tang Yuanzhao Mon – Tue, Thu – Fri 10:30am – 2:00pm MBBS, MRCOG, FRCOG, FHKAM, FHKCOG 4:00pm – 7:00pm Room 801, Hang Shin Building, 363-373 Nathan Road, Jordan Wed 10:30am – 2:00pm Room 801, Heng Cheng Building, 363-373 Nathan Road, Jordan Wed 10:30am – 2:00pm Room 801, Heng Cheng Building, 363-373 Nathan Road, Jordan Wed 10:30am – 4:00pm Tel. : 2780 0655, 2740 9225 Sun & PH Closed IMS Institute of Medical Specialists Mon – Sat 10:00am - 1:00pm Dr. Wong Kin Sun Dr. Wong Kin Sun 3:00pm - 6:30pm MBChB(CUHK) , FRCOG, FHKCOG, FHKAM(O&G) Sun & PH Closed 19/F, Sino Cheer Plaza, 23-29 Jordan Road, Kowloon 19th Floor, Xinbao Plaza, 23-29 Jordan Road, Kowloon Tel. : 3622 1628 Dr. Yu Kar Fook Mon – Fri 10:00am - 1:00pm MBBS(HK), FRCOG(UK), FHKCOG, FHKAM(O&G) 3:00pm - 6:00pm Room 703, Sino Centre, 592 Nathan Road, Mongkok Sat 10:00am - 3:00pm Room 703, Shink & Centre, 592 Nathan Road, Mongkok Sat 703, 592 Nathan Road, Mongkok Sun Closed Tel.

--- Segment 67 ---
Yu Kar Fook Dr. Yu Kar Fook Mon – Fri 10:00am - 1:00pm MBBS(HK), FRCOG(UK), FHKCOG, FHKAM(O&G) 3:00pm - 6:00pm Room 703, Sino Centre, 592 Nathan Road, Mongkok Sat 10:00am - 3:00pm Room 703, Shink & Centre, 592 Nathan Road, Mongkok Sun Closed Tel. : 2384 6069, 2384 6060 Ophthalmology Dr. Cheng Pak Man, George Dr. Cheng Pak Man, George – Fri 10:00am -1:00pm MBBS(HK), FRCS(EDIN), FCS(HK), FCOphth(HK), FHKAM(OPHTHALMOLOGY) 3:00pm-6:00pm Room 1009, Melbourne Plaza, 33 Queen's Road Central, Central Sat 10:00am -4:00pm Room 1009, Wanbangxing, No. 33 Queen's Avenue Central Sun & PH Closed Tel. : 2868 1186 PolyHealth Specialists Centre Jianhui Specialist Center Mon – Sat 9:00am – 8:00pm Dr.

--- Segment 68 ---
: 2868 1186 PolyHealth Specialists Centre Mon – Sat 9:00am – 8:00pm Dr. Hui Kin Man Sun & PH Closed MBChB(CUHK), FHKAM(Ophth), FCOphth HK, FRCS(Edin), MBA(Health Care)(CUHK) Shop B01b, Park Central, 9 Tong Tak Street, Tseung Kwan O Shopping Center B01b Tel. : 3417 4803 Dr. Luke Ka Chu Henry Dr. Luke Ka Chu Henry Mon, Wed & Fri 3:00pm – 6:00pm MBBS(London), FRCS(Edin), FCOphth(HK), FCS(HK), FHKAM(Opthalmology) Tue & Thu 10:00am – 1:00pm Room 808, Manning House, 48 Queen’s Road Central, Central 3:00pm – 6:00pm Room 808, Wannian Building, 48 Queen’s Road Central, Central Sat 10:00am – 1:00pm Tel.

--- Segment 69 ---
Luke Ka Chu Henry Dr. Luke Ka Chu Henry 3:00pm – 6:00pm MBBS(London), FRCS(Edin), FCOphth(HK), FCS(HK), FHKAM(Opthalmology) Tue & Thu 10:00am – 1:00pm Room 808, Manning House, 48 Queen’s Road Central, Central 3:00pm – 6:00pm Room 808, Wannian Building, 48 Queen’s Road Central Sat 10:00am – 1:00pm Tel. : 2537 7698 Sun & PH Closed Dr. Shum Wai Kiu Dr. Chen Weiqiao Mon – Fri 9:30am – 1:00pm MBBS, DO, FRCS, FRCOphth, FCSHK, FCOphth 3:30pm – 6:30pm Room 1603, Phase 1, Argyle Centre, 688 Nathan Road, Mongkok Sat 9:30am – 1:00pm Room 1603, Mongkok Centre, 688 Nathan Road, Mongkok Sat 9:30am – 1:00pm Room 1603, Mongkok Centre, 688 Nathan Road, Mongkok Sat 2:00pm – 5:00pm Tel. : 2390 7656 Sun Closed PolyHealth Specialists Centre Mon – Fri 9:30am – 6:30pm Dr.

--- Segment 70 ---
: 2390 7656 Sun Closed PolyHealth Specialists Centre Mon – Fri 9:30am – 6:30pm Dr. Chan Johnathan Cheuk Hung Dr. Chan Zhuohong Sat 9:30am – 2:30pm BSc(Med), MBBS (Hons)(UNSW), FHKAM (Ophthalmology), FCOphth HK, FRCSEd (Ophth) Shop 102A, 103A, 103E, 105A, 1/F, Star House, 3 Salisbury Road, Tsim Sha Tsui Shop 102A, 103A, 103E, 105A, 1F, Scene Light Road, Tsui, Tsim Sha Tsui Shop 102A, 103A, 103E, 105A, 105A, Tsui Shop 102A, 103A, 103E, 105A, Tsui Shop 102A, 103A, 103E, 105A, Tsui Shop 102A, 103A, 103E, 105A, Tsui Shop 102A, 103A, 103E, 1038, Tsui Shop 103A, 103E, Tsui Shop 103A, Tsui Shop 103A, Tsui Shop 103A, Tsui Shop 103A, Tsui Shop 103A, Tsui Shop 103A, Tsui Shop 103A, Tsui Shop 103A, Tsui Shop 103A, Tsui Shop 103A, Tsui Shop 103A, Tsui Shop 103A, Tsui Shop 103A, Tsui Shop 103A, Tsui Shop 103A, Tsui Shop 103A, Tsui Shop 103A, Tsui Shop 103A, Tsui Shop 103A, Tsui Shop 103A, Tsui Shop 103A, Tsui Shop 103A, Tsui Shop 103A, Tsui Shop 103A, Tsui Shop 103A, Tsui Shop 103A, Tsui Shop 103A Road, Causeway Bay Room 16, East Point Center, 555 Hennessy Road, Causeway Bay Tel.

--- Segment 71 ---
Chang Shao Dr. Zhang Shao Mon – Fri 10:00am – 1:00pm MBBS(HK 1979), FHKAM (Orthpaedics Surgery 1993), FRCS(EDIN), MCH, ORTHO(U OF LIVERPOOL) Sat, Sun & PH Closed Room 16, 11/F, East Point Centre, 555 Hennessy Road, Causeway Bay Room 16, 555 Hennessy Road, Causeway Bay Room 16, 11/F, 2016 Hennessy Road, Causeway Bay Room 16, 2016 Hennessy Road, Causeway Bay Room 16, 2016 Hennessy Road, Causeway Bay Room 16, 2016 Hennessy Road, Causeway Bay Room 16, 2016 Hennessy Road, Causeway Bay Room 16, 2016 Hennessy Road, Causeway Bay Room 16, 2016 Hennessy Road, Causeway Bay Room 16, 2016 Hennessy Road, Causeway Bay Room 16, 2016 Hennessy Road, Causeway Bay Room 16, 2016 Hennessy Road, Causeway Bay Room 16, 2016 Hennessy Road, Causeway Bay Room 16, 2016 Hennessy Road, Causeway Bay Room 16, 2016 Hennessy Road, Causeway Bay Room 16, 2016 Hennessy Road, Causeway Bay Room 16, 2016 Hennessy Road, Causeway Bay Room 16, 2016 Hennessy Road, Causeway Bay Room 16, 2016 Hennessy Road, Causeway Bay Room 16, 2016 Hennessy Road, Causeway Bay Room 16, Argyle Centre, 688 Nathan Road, Mongkok Mon – Fri 3:00pm – 6:15pm Room 1507, Mongkok Centre, 688 Nathan Road, Mongkok Sat 3:00pm – 5:15pm Tel. : 2398 1121 Sun & PH Closed Dr. Cheng Chung Lun Dr. Cheng Chun Lin Mon – Fri 10:00am – 1:00pm MBBS(HK), FRCS, FRACS, FHKCOS, FHKAM(Orth) 3:00pm – 6:00pm Room 2201, 22/F, Melbourne Plaza, 33 Queen’s Road Central, Central Sat 10:00am – 1:00pm Room 2201, 22nd Floor, Wanbangxing, 33 Queen’s Avenue Central, Central Sun & PH Closed Tel.

--- Segment 72 ---
Cheng Chung Lun Dr. Cheng Chung Lun Mon – Fri 10:00am – 1:00pm MBBS(HK), FRCS, FRACS, FHKCOS, FHKAM(Orth) 3:00pm – 6:00pm Room 2201, 22/F, Melbourne Plaza, 33 Queen’s Road Central, Central Sat 10:00am – 1:00pm Room 2201, 33 Queen’s Road Central, Central Sun & PH Closed Tel. : 2526 6002, 2526 6232 Dr. Chan Yat Fai Dr. Chen Rihui Mon – Fri 10:00am – 1:00pm MBBS(HK), FRCSEd, FRCSEd (Orth), FHKCOS, FHKCOS (Rehabilitation), FHKAM(Othopaedic Surgery) 3:00pm – 6:00pm Room 2201, 22/F, Melbourne Plaza, 33 Queen’s Road Central, Central Sat 10:00am – 1:00pm Room 2201, 33 Queen’s Road Central, Central Sun & PH Closed Tel.

--- Segment 73 ---
Chan Yat Fai Dr. Chan Rihui Mon – Fri 10:00am – 1:00pm MBBS(HK), FRCSEd, FRCSEd (Orth), FHKCOS, FHKCOS (Rehabilitation), FHKAM(Othopaedic Surgery) 3:00pm – 6:00pm Room 2201, 22/F, Melbourne Plaza, 33 Queen’s Road Central, Central Sat 10:00am – 1:00pm Room 2201, 33 Queen’s Road Central, Central Sun & PH Closed Tel. : 2526 6002 Dr. Lung Ting Kwan Peter Dr. Long Ting Jun Mon – Fri 10:00am – 1:00pm MBChB(CUHK), FCSHK, FRCS(Edin), FHKCOS, FRCS(Edin Ortho Surg), FHKAM(Ortho Surg) Mon-Thu 3:00pm – 6:00pm Room 1309, Phase 1, Argyle Centre, 688 Nathan Road, Mongkok Fri 3:30pm – 6:00pm Room 1309, 688 Nathan Road, Mongkok Fri 3:30pm – 6:00pm Room 1309, Mongkok Centre, 688 Nathan Road, Mongkok Fri 3:30pm – 6:00pm Room 1309, Mongkok Centre, 688 Nathan Road, Mongkok Sat 10:00am – 2:00pm Tel.

--- Segment 74 ---
Lung Ting Kwan Peter Dr. Long Ting Jun Mon – Fri 10:00am – 1:00pm MBChB(CUHK), FCSHK, FRCS(Edin), FHKCOS, FRCS(Edin Ortho Surg), FHKAM(Ortho Surg) Mon-Thu 3:00pm – 6:00pm Room 1309, Phase 1, Argyle Centre, 688 Nathan Road, Mongkok Fri 3:30pm – 6:00pm Room 1309, Mongkok Centre, 688 Nathan Road, Mongkok Fri 3:30pm – 6:00pm Room 1309, Mongkok Centre, 688 Nathan Road, Mongkok Sat 10:00am – 2:00pm Tel. : 2789 9068, 2789 9231 PolyHealth Specialists Centre Mon – Sat 9:00am - 7:00pm Dr. Hui Chi Wai Sun & PH Closed MBBS(HK), MRCS(Edin), FRCSEd(Orth), FHKCOS, FHKAM(Orth) Shop 102A, 103A, 103E, 105A, 1/F, Star House, 3 Salisbury Road, Tsim Sha Tsui Shop No. 3, 102A, 103A, 103E, 105A, Tel.

--- Segment 75 ---
Hui Chi Wai Sun & PH Closed MBBS(HK), MRCS(Edin), FRCSEd(Orth), FHKCOS, FHKAM(Orth) Shop 102A, 103A, 103E, 105A, 1/F, Star House, 3 Salisbury Road, Tsim Sha Tsui Shop 102A, 103A, 103E, 105A, 1/F, Star House, 3 Salisbury Road, Tsim Sha Tsui Shop 102A, 103A, 103E, 105A, 1/F, Star House, 3 Salisbury Road, Tsim Sha Tsui Shop 102A, 103A, 103E, 105A, 105A, 1/F, Salisbury Road, Tsim Sha Tsui Shop 102A, 103A, 103E, 105A, 105A, 105A, 105A, 10F, PolyHealth Specialists Centre Mon – Sat 9:00am - 7:00pm Dr. Sun Kin Wai Kelvin Sun & PH Closed MBBS(HK), MRCS(Ed), FRCSEd(Orth), FHKCOS, FHKAM(Orth) Shop 102A, 103A, 103E, 105A, 1/F, Star House, 3 Salisbury Road, Tsim Sha Tsui Shop 102A, 103A, 103E, 105A, 1/F, Star House, 3 Salisbury Road, Tsim Sha Tsui Shop 102A, 103A, 103E, 105A, 1/F, Star House, 3 Salisbury Road, Tsim Sha Tsui Shop 102A, 103A, 103E, 105A Floor 102A, 103A, 103E, 105A, 1/F, Shop B01b, Park Central, 9 Tong Tak Street, Tseung Kwan O Mon-Sat 9:00am – 8:00pm Tseung Kwan O Centre Shopping Mall Ground, No. 9 Tang Det Street, Tseung Kwan O Shop B01b Sun & PH Closed Tel.

--- Segment 76 ---
: 2117 0838 Shop B01b, Park Central, 9 Tong Tak Street, Tseung Kwan O Mon-Sat 9:00am – 8:00pm Shop B01b, Tseung Kwan O Centre Shopping Center, No. 9 Tang Tak Street, Tseung Kwan O Shop B01b Sun & PH Closed Tel. : 3417 4803 SureCare Medical Centre Mon – Fri 10:00am – 7:00pm Dr. Chan Chi Fai Dr. Chi Fai Sat 10:00am – 4:00pm MBBCh (Wales UK), FRCSEd, M. Med. (Surgery) (Singapore), FHKAM (Othopaedic Surgery), Sun & PH Closed FHKCOS, FHKCOS (Rehabilitation) Room 1507, Phase 1, Argyle Centre, 688 Nathan Road, Mongkok Room 1507, Phase 1, Mongkok, 688 Nathan Road, Mongkok, Mongkok, Phase 1, Mongkok, Mongkok, 688 Nathan Road, Mongkok, Phase 1, Mongkok, Mongkok, Phase 1, Mongkok, Mongkok, Mongkok, Phase 1, Mongkok, Mongkok, Mongkok, Phase 1, Mongkok, Mongkok, Mongkok, Phase 1507.

--- Segment 77 ---
(Surgery) (Singapore), FHKAM (Othopauedic Surgery), Sun & PH Closed FHKCOS, FHKCOS (Rehabilitation) Room 1507, Phase 1, Argyle Centre, 688 Nathan Road, Mongkok Room 1507, 688 Nathan Road, Mongkok Tel. : 2398 1399 Dr. Ho Sheung Tung Dr. Ho Sang Tung Mon – Fri 10:00am – 1:00pm MBBS (HK), FRCS (Glasg), FHKCOS, FHKAM (Othopauedic Surgery), Dip Med (CUHK), PDipCAH (HK) 3:00pm – 6:00pm Room 1507, Phase 1, Argyle Centre, 688 Nathan Road, Mongkok Sat 10:00am – 1:00pm Room 1507, Mongkok Centre, 688 Nathan Road, Mongkok Tel. : 2398 1763 PolyHealth Specialists Centre Dr.

--- Segment 78 ---
: 2398 1763 PolyHealth Specialists Centre Dr. Leung Wai Yeung MBBS (HK), FCSHK, FRCSEd, FRCSEd(Orth), FHKCOS, FHKAM (Othopauedic Surgery), FHKCOS (Rehabilitation) Shop 102A, 103A, 103E, 105A, 1/F, Star House, 3 Salisbury Road, Tsim Sha Tsui Mon – Fri 9:30am – 6:30pm Shop No. 3, 1st Floor 102A, 103A, 103E, 105A Sat 9:30am – 1:30pm Tel. : 2117 0838 Shop B01b, Park Central, 9 Tong Tak Street, Tseung Kwan O Mon – Sun 9:00am – 8:00pm Shop B01b Tel.

--- Segment 79 ---
: 2117 0838 Shop B01b, Park Central, 9 Tong Tak Street, Tseung Kwan O Mon – Sun 9:00am – 8:00pm Shop B01b, Tseung Kwan O Central Shopping Mall No. 9 Tang Dee Street, Tseung Kwan O Shop B01b Tel. : 3417 4803 Urology Dr. Szeto Yiu Kwai Mon – Fri 10:00am - 1:00pm MBBS(HK), FRCS(Edin), Diploma in Urology(London), FHKAM(Surgery) 3:00pm - 7:00pm Room 801-803, 8/F, 26 Nathan Road, Tsim Sha Tsui Sat 10:00am - 2:00pm Room 801-803, 8th Floor, 26 Nathan Road, Tsim Sha Tsui Sun & PH Closed Tel. : 2368 8032 PolyHealth Specialists Centre Mon – Fri 9:30am - 6:30pm Dr.

--- Segment 80 ---
: 2368 8032 PolyHealth Specialists Centre Mon – Fri 9:30am - 6:30pm Dr. Cheung Man Hung Sat 9:30am - 1:30pm MBChB (CUHK), FCSHK, FHKAM (Surgery), FRCSEd (Urol), MScHSM (CUHK) Sun & PH Closed Shop 102A, 103A, 103E, 105A, 1/F, Star House, 3 Salisbury Road, Tsim Sha Tsui Shop No. 3, 1st Floor, Tel. : 2117 0838 Shop B01b, Park Central, 9 Tong Tak Street, Tseung Kwan O Mon – Sun 9:00am – 8:00pm Shop B01b, Tseung Kwan O Central Shopping Mall Basement No. 9 Tang Tak Street, Tseung Kwan O Tseung Kwan O Central Shopping Mall No. 9 Tang Tak Street, Tseung Kwan O Tseung Kwan O Shop B01b Tel.

--- Segment 81 ---
: 2117 0838 Shop B01b, Park Central, 9 Tong Tak Street, Tseung Kwan O Mon – Sun 9:00am – 8:00pm Shop B01b, Tseung Kwan O Centre Shopping Mall No. 9 Tang Tak Street, Tseung Kwan O Tseung Kwan O Tseung Kwan O Tseung Kwan O Tseung Kwan O Tseung Kwan O Tseung Kwan O Tel. : 3417 4803 Shop 4, G/F, Kan Yip Building, 229 Castle Peak Road, Yuen Long Mon – Sun 9:00am – 7:30pm Shop 4, G/F, Kin Ye Building, No. 229 Qingshan Highway, Yuen Long Tel. : 2473 0881

